date,cbp_intake,cbp_custody,transfers,hhs_care,discharges,total_load,net_flow,gap_days,load_change,growth_pct,offset_ratio,load_mean7,net_mean7,load_mean14,net_mean14,volatility14,pressure_4of7,transfer_review,discharge_review,prior_load_p90,prior_volatility_p90,high_load,high_volatility,stress_eligible,relative_stress_score
2023-01-12,33,53,34,6566,436,6619,-402,,,,12.823529411764707,,,,,,False,False,False,,,False,False,False,
2023-01-22,32,49,39,7122,227,7171,-188,10.0,552.0,8.339628342649942,5.82051282051282,,,,,,False,False,False,,,False,False,False,
2023-01-23,32,50,39,7280,181,7330,-142,1.0,159.0,2.2172639799191263,4.641025641025641,,,,,,False,False,False,,,False,False,False,
2023-01-24,47,42,47,7433,175,7475,-128,1.0,145.0,1.9781718963165051,3.723404255319149,,,,,,False,True,False,,,False,False,False,
2023-01-25,20,22,41,7538,180,7560,-139,1.0,85.0,1.1371237458194017,4.390243902439025,,,,,,False,True,False,,,False,False,False,
2023-01-29,23,45,11,7472,303,7517,-292,4.0,-43.0,-0.5687830687830742,27.545454545454547,,,,,,False,False,False,,,False,False,False,
2023-01-30,34,54,29,7743,196,7797,-167,1.0,280.0,3.7248902487694524,6.758620689655173,7352.714285714285,-208.28571428571428,,,,False,False,False,,,False,False,False,
2023-01-31,26,36,36,7803,158,7839,-122,1.0,42.0,0.538668718737978,4.388888888888889,7527.0,-168.28571428571428,,,,False,False,False,,,False,False,False,
2023-02-01,25,32,27,7903,231,7935,-204,1.0,96.0,1.2246460007653948,8.555555555555555,7636.142857142857,-170.57142857142858,,,,False,False,False,,,False,False,False,
2023-02-02,15,13,23,7879,298,7892,-275,1.0,-43.0,-0.5419029615627013,12.956521739130435,7716.428571428572,-189.57142857142858,,,,False,True,False,,,False,False,False,
2023-02-05,16,18,15,7586,342,7604,-327,3.0,-288.0,-3.6492650785605707,22.8,7734.857142857143,-218.0,,,,False,False,False,,,False,False,False,
2023-02-06,11,22,12,7720,196,7742,-184,1.0,138.0,1.8148342977380327,16.333333333333332,7760.857142857143,-224.42857142857142,,,,False,False,False,,,False,False,False,
2023-02-07,16,20,20,7855,200,7875,-180,1.0,133.0,1.7179023508137492,10.0,7812.0,-208.42857142857142,,,,False,False,False,,,False,False,False,
2023-02-08,93,196,169,7915,317,8111,-148,1.0,236.0,2.9968253968253977,1.8757396449704142,7856.857142857143,-205.71428571428572,7604.785714285715,-207.0,,False,False,False,,,False,False,False,
2023-02-09,124,234,161,7908,353,8142,-192,1.0,31.0,0.3821970163974786,2.1925465838509317,7900.142857142857,-215.71428571428572,7713.571428571428,-192.0,2.4438693961885622,False,False,False,,,False,False,False,
2023-02-12,92,203,173,7434,317,7637,-144,3.0,-505.0,-6.202407270940801,1.8323699421965318,7857.571428571428,-207.14285714285714,7746.857142857143,-188.85714285714286,2.685019130708722,False,False,False,,,False,False,False,
2023-02-13,186,259,172,7483,244,7742,-72,1.0,105.0,1.3748854262144894,1.4186046511627908,7836.142857142857,-178.14285714285714,7776.285714285715,-183.85714285714286,2.648886162490948,False,False,False,,,False,False,False,
2023-02-14,154,225,220,7794,223,8019,-3,1.0,277.0,3.577886850942913,1.0136363636363637,7895.428571428572,-131.85714285714286,7815.142857142857,-174.92857142857142,2.745002950568213,False,False,False,,,False,False,False,
2023-02-15,91,199,172,7869,290,8068,-118,1.0,49.0,0.6110487591969083,1.686046511627907,7942.0,-122.42857142857143,7851.428571428572,-173.42857142857142,2.7274741308015202,False,False,False,,,False,False,False,
2023-02-16,81,213,153,7793,361,8006,-208,1.0,-62.0,-0.7684680218145723,2.3594771241830066,7960.714285714285,-126.42857142857143,7886.357142857143,-167.42857142857142,2.723008433840927,False,False,False,,,False,False,False,
2023-02-20,209,285,184,7817,209,8102,-25,4.0,96.0,1.1991006744941357,1.1358695652173914,7959.428571428572,-108.85714285714286,7908.142857142857,-157.28571428571428,2.579024321509387,False,False,False,,,False,False,False,
2023-02-21,184,314,217,7967,213,8281,4,1.0,179.0,2.209331029375461,0.9815668202764977,7979.285714285715,-80.85714285714286,7939.714285714285,-148.28571428571428,2.6227522130363687,False,False,False,,,False,False,False,
2023-02-22,107,215,230,7978,232,8193,-2,1.0,-88.0,-1.0626735901461126,1.008695652173913,8058.714285714285,-60.57142857142857,7958.142857142857,-133.85714285714286,2.6345534516969837,False,True,False,,,False,False,False,
2023-02-23,101,162,178,7914,386,8076,-208,1.0,-117.0,-1.42804833394361,2.168539325842697,8106.428571428572,-80.0,7971.285714285715,-129.07142857142858,2.6626341645992415,False,True,False,,,False,False,False,
2023-02-26,99,190,176,7609,323,7799,-147,3.0,-277.0,-3.42991579990094,1.8352272727272727,8075.0,-100.57142857142857,7985.214285714285,-116.21428571428571,2.643168676314184,False,False,False,,,False,False,False,
2023-02-27,167,239,166,7800,248,8039,-82,1.0,240.0,3.077317604821128,1.4939759036144578,8070.857142857143,-95.42857142857143,8006.428571428572,-108.92857142857143,2.7145942326605645,False,False,False,,,False,False,False,
2023-02-28,115,216,169,7896,200,8112,-31,1.0,73.0,0.9080731434258027,1.183431952662722,8086.0,-70.14285714285714,8023.357142857143,-98.28571428571429,2.6865613023605044,False,False,False,,,False,False,False,
2023-03-01,84,158,193,7930,307,8088,-114,1.0,-24.0,-0.295857988165682,1.5906735751295338,8084.0,-82.85714285714286,8021.714285714285,-95.85714285714286,2.570828606219298,False,True,False,,,False,False,False,
2023-03-02,130,227,192,7870,335,8097,-143,1.0,9.0,0.1112759643916883,1.7447916666666667,8057.714285714285,-103.85714285714286,8018.5,-92.35714285714286,2.5695627776326644,False,False,False,,,False,False,False,
2023-03-07,88,214,160,7859,259,8073,-99,5.0,-24.0,-0.2964060763245624,1.61875,8040.571428571428,-117.71428571428571,8049.642857142857,-89.14285714285714,1.8361670613370598,False,False,False,,,False,False,False,
2023-03-08,113,208,159,7885,291,8093,-132,1.0,20.0,0.24773937817414993,1.830188679245283,8043.0,-106.85714285714286,8074.714285714285,-93.42857142857143,1.811525865222801,False,False,False,,,False,False,False,
2023-03-09,174,285,150,7786,340,8071,-190,1.0,-22.0,-0.27183986160880247,2.2666666666666666,8081.857142857143,-113.0,8078.428571428572,-106.78571428571429,1.575233261040019,False,False,False,,,False,False,False,
2023-03-13,104,230,206,7567,249,7797,-43,4.0,-274.0,-3.3948705240986254,1.2087378640776698,8047.285714285715,-107.42857142857143,8059.071428571428,-101.42857142857143,1.8149908108967963,False,False,False,,,False,False,False,
2023-03-14,147,276,214,7810,181,8086,33,1.0,289.0,3.70655380274465,0.8457943925233645,8043.571428571428,-98.28571428571429,8064.785714285715,-84.21428571428571,2.070867441061517,False,False,False,,,False,False,False,
2023-03-15,108,220,213,7915,286,8135,-73,1.0,49.0,0.6059856542171671,1.3427230046948357,8050.285714285715,-92.42857142857143,8067.142857142857,-87.64285714285714,2.0518082194049314,False,False,False,,,False,False,False,
2023-03-16,180,280,146,7989,308,8269,-162,1.0,134.0,1.647203441917644,2.1095890410958904,8074.857142857143,-95.14285714285714,8066.285714285715,-99.5,2.0112408577312135,False,False,False,,,False,False,False,
2023-03-19,134,294,186,7885,306,8179,-120,3.0,-90.0,-1.0884024670455905,1.6451612903225807,8090.0,-98.14285714285714,8065.285714285715,-107.92857142857143,2.0125254951016767,False,False,False,,,False,False,False,
2023-03-20,202,313,158,7931,279,8244,-121,1.0,65.0,0.7947181807066883,1.7658227848101267,8111.571428571428,-96.57142857142857,8077.285714285715,-101.71428571428571,1.97561267280568,False,False,False,,,False,False,False,
2023-03-21,110,272,193,8050,221,8322,-28,1.0,78.0,0.9461426491994107,1.145077720207254,8147.428571428572,-73.42857142857143,8114.642857142857,-93.21428571428571,1.6844066044044992,False,False,False,,,False,False,False,
2023-03-22,166,277,229,8097,246,8374,-17,1.0,52.0,0.6248497957221932,1.074235807860262,8229.857142857143,-69.71428571428571,8138.571428571428,-88.57142857142857,1.5221177528360712,False,False,False,,,False,False,False,
2023-03-23,136,276,178,8102,331,8378,-153,1.0,4.0,0.04776689754000252,1.8595505617977528,8271.57142857143,-96.28571428571429,8157.571428571428,-97.28571428571429,1.5095983885963309,False,False,False,,,False,False,False,
2023-03-26,87,246,173,7847,352,8093,-179,3.0,-285.0,-3.4017665313917367,2.0346820809248554,8265.57142857143,-111.42857142857143,8157.928571428572,-101.92857142857143,1.8081080440472168,False,False,False,,,False,False,False,
2023-03-27,84,171,157,7994,235,8165,-78,1.0,72.0,0.8896577289015273,1.4968152866242037,8250.714285714286,-99.42857142857143,8162.785714285715,-97.28571428571429,1.8222198084055519,False,False,False,,,False,False,False,
2023-03-28,167,209,157,8079,223,8288,-66,1.0,123.0,1.5064298836497292,1.4203821656050954,8266.285714285714,-91.71428571428571,8178.142857142857,-94.92857142857143,1.8550548641719418,False,False,False,,,False,False,False,
2023-03-29,109,245,159,8208,267,8453,-108,1.0,165.0,1.9908301158301223,1.679245283018868,8296.142857142857,-89.85714285714286,8203.857142857143,-93.21428571428571,1.9126462703858251,False,False,False,,,False,False,False,
2023-03-30,156,256,176,8158,359,8414,-183,1.0,-39.0,-0.4613746598840618,2.039772727272727,8309.285714285714,-112.0,8228.357142857143,-92.71428571428571,1.9125751568896987,False,False,False,,,False,False,False,
2023-04-02,125,232,192,7981,304,8213,-112,3.0,-201.0,-2.388875683384839,1.5833333333333333,8286.285714285714,-125.57142857142857,8258.07142857143,-97.64285714285714,1.787708176816992,False,False,False,,,False,False,False,
2023-04-03,118,139,168,8054,284,8193,-116,1.0,-20.0,-0.24351637647631597,1.6904761904761905,8259.857142857143,-120.28571428571429,8265.714285714286,-108.28571428571429,1.544055619266602,False,True,False,,,False,False,False,
2023-04-04,142,235,139,8068,259,8303,-120,1.0,110.0,1.3426095447333086,1.8633093525179856,8289.857142857143,-111.85714285714286,8277.714285714286,-111.64285714285714,1.5724606773804553,False,False,False,,,False,False,False,
2023-04-05,148,245,175,8175,260,8420,-85,1.0,117.0,1.4091292303986425,1.4857142857142858,8326.285714285714,-112.85714285714286,8288.5,-106.14285714285714,1.5565220498678183,False,False,False,,,False,False,False,
2023-04-06,119,219,210,8178,284,8397,-74,1.0,-23.0,-0.2731591448931092,1.3523809523809525,8341.857142857143,-114.0,8304.07142857143,-102.85714285714286,1.5197133557191835,False,False,False,,,False,False,False,
2023-04-09,105,210,149,7900,329,8110,-180,3.0,-287.0,-3.4178873407169186,2.208053691275168,8292.857142857143,-124.28571428571429,8294.5,-107.07142857142857,1.7922597781838112,False,False,False,,,False,False,False,
2023-04-10,143,203,163,7826,265,8029,-102,1.0,-81.0,-0.998766954377317,1.6257668711656441,8237.857142857143,-112.71428571428571,8273.57142857143,-112.35714285714286,1.7830677315492198,False,False,False,,,False,False,False,
2023-04-11,119,209,152,7922,187,8131,-35,1.0,102.0,1.2703948187819059,1.230263157894737,8226.142857142857,-101.71428571428571,8256.214285714286,-113.64285714285714,1.8169226698953895,False,False,False,,,False,False,False,
2023-04-12,155,212,181,7876,283,8088,-102,1.0,-43.0,-0.5288402410527637,1.5635359116022098,8211.142857142857,-99.71428571428571,8235.5,-110.0,1.8216285400717032,False,False,False,,,False,False,False,
2023-04-13,109,214,173,7795,370,8009,-197,1.0,-79.0,-0.97675568743818,2.138728323699422,8169.142857142857,-110.71428571428571,8229.5,-111.28571428571429,1.591852092951286,False,False,False,,,False,False,False,
2023-04-16,191,283,192,7380,272,7663,-80,3.0,-346.0,-4.320139842676984,1.4166666666666667,8061.0,-110.0,8193.642857142857,-111.42857142857143,1.9152126451465072,False,False,False,,,False,False,False,
2023-04-17,170,297,196,7344,248,7641,-52,1.0,-22.0,-0.2870938274827095,1.2653061224489797,7953.0,-106.85714285714286,8147.428571428572,-110.42857142857143,1.8444937013654656,False,False,False,,,False,False,False,
2023-04-18,152,272,214,7376,234,7648,-20,1.0,7.0,0.0916110456746555,1.0934579439252337,7887.0,-84.0,8089.928571428572,-104.14285714285714,1.7142564372355404,False,False,False,,,False,False,False,
2023-04-19,239,367,224,7356,229,7723,-5,1.0,75.0,0.9806485355648542,1.0223214285714286,7843.285714285715,-70.14285714285714,8040.571428571428,-91.42857142857143,1.7800661305344532,False,False,False,,,False,False,False,
2023-04-20,113,280,237,7490,320,7770,-83,1.0,47.0,0.6085717985238936,1.350210970464135,7791.714285714285,-77.0,8008.928571428572,-89.35714285714286,1.7252860216440393,False,False,False,8327.2,,False,False,False,
2023-04-23,196,306,187,7534,266,7840,-79,3.0,70.0,0.9009009009008917,1.4224598930481283,7756.285714285715,-73.71428571428571,7983.714285714285,-86.71428571428571,1.7639460948834058,False,False,False,8322.0,,False,False,False,
2023-04-24,236,330,222,7796,213,8126,9,1.0,286.0,3.647959183673466,0.9594594594594594,7773.0,-44.285714285714285,7971.071428571428,-77.5,2.011425441253552,False,False,False,8320.1,,False,False,False,
2023-04-25,81,230,242,8017,202,8247,40,1.0,121.0,1.4890475018459304,0.8347107438016529,7856.428571428572,-27.142857142857142,7958.714285714285,-68.57142857142857,2.017716873759898,False,True,False,8318.2,,False,False,False,
2023-04-26,118,245,160,8117,256,8362,-96,1.0,115.0,1.3944464653813604,1.6,7959.428571428572,-33.42857142857143,7956.214285714285,-70.14285714285714,2.062264645120125,False,False,False,8316.3,,True,False,False,
2023-04-27,218,283,208,8159,310,8442,-102,1.0,80.0,0.9567089213107005,1.4903846153846154,8072.857142857143,-45.142857142857146,7979.928571428572,-64.57142857142857,1.793309513803524,False,False,False,8346.0,,True,False,False,
2023-04-30,132,243,183,8352,293,8595,-110,3.0,153.0,1.8123667377398789,1.6010928961748634,8197.42857142857,-60.142857142857146,8020.357142857143,-65.14285714285714,1.7904204113261957,False,False,False,8368.0,,True,False,False,
2023-05-01,224,315,152,8492,237,8807,-85,1.0,212.0,2.4665503199534644,1.5592105263157894,8345.57142857143,-60.42857142857143,8068.642857142857,-68.71428571428571,1.8601506354354582,False,False,False,8375.6,,True,False,False,
2023-05-02,167,326,213,8654,245,8980,-32,1.0,173.0,1.964346542522999,1.1502347417840375,8508.42857142857,-53.714285714285715,8132.357142857143,-63.714285714285715,1.8577880439400052,False,False,False,8383.7,,True,False,False,
2023-05-03,209,353,232,8704,267,9057,-35,1.0,77.0,0.8574610244988845,1.1508620689655173,8641.42857142857,-60.0,8207.214285714286,-52.142857142857146,1.7715174338762136,False,False,False,8400.4,,True,False,False,
2023-05-04,153,253,286,8790,332,9043,-46,1.0,-14.0,-0.15457657060836683,1.1608391608391608,8755.142857142857,-72.28571428571429,8305.785714285714,-49.714285714285715,1.043785822059179,False,True,False,8414.6,,True,False,False,
2023-05-07,180,337,219,8485,375,8822,-156,3.0,-221.0,-2.4438792436138446,1.7123287671232876,8820.857142857143,-80.85714285714286,8390.142857142857,-57.142857142857146,1.4120542724705762,False,False,False,8420.0,,True,False,False,
2023-05-08,133,287,189,8590,261,8877,-72,1.0,55.0,0.6234413965087171,1.380952380952381,8883.0,-76.57142857142857,8477.92857142857,-60.857142857142854,1.3770393698693508,False,False,False,8439.8,,True,False,False,
2023-05-09,187,310,247,8606,250,8916,-3,1.0,39.0,0.4393376140588101,1.0121457489878543,8928.857142857143,-61.285714285714285,8563.142857142857,-60.714285714285715,1.3714834021777091,False,False,False,8450.8,,True,False,False,
2023-05-10,168,285,210,8681,304,8966,-94,1.0,50.0,0.56078959174517,1.4476190476190476,8951.57142857143,-62.57142857142857,8648.57142857143,-61.5,1.3570993654940138,False,False,False,8552.4,2.6648726612101896,True,False,True,1.0
2023-05-11,269,412,204,8672,392,9084,-188,1.0,118.0,1.3160829801472262,1.9215686274509804,8966.42857142857,-84.85714285714286,8737.42857142857,-69.28571428571429,1.345764677650449,False,False,False,8722.200000000003,2.6626341645992415,True,False,True,1.0
2023-05-14,100,255,236,8445,288,8700,-52,3.0,-384.0,-4.227212681638049,1.2203389830508475,8915.42857142857,-87.28571428571429,8778.42857142857,-73.64285714285714,1.821570445230601,False,False,False,8814.5,2.661259364388412,False,False,True,0.0
2023-05-15,205,294,177,8571,277,8865,-100,1.0,165.0,1.8965517241379404,1.5649717514124293,8890.0,-95.0,8822.57142857143,-83.64285714285714,1.836392333015047,False,False,False,8813.0,2.659884564177583,True,False,True,1.0
2023-05-16,161,304,211,8572,272,8876,-61,1.0,11.0,0.12408347433727762,1.2890995260663507,8897.714285714286,-81.42857142857143,8859.285714285714,-81.14285714285714,1.8161581999209753,False,False,False,8834.9,2.6585097639667534,True,False,True,1.0
2023-05-17,57,162,193,8569,307,8731,-114,1.0,-145.0,-1.6336187471834185,1.5906735751295338,8876.857142857143,-87.42857142857143,8879.92857142857,-82.0,1.8845896169650564,False,True,False,8867.2,2.657134963755924,False,False,True,0.0
2023-05-18,80,122,152,8474,351,8596,-199,1.0,-135.0,-1.5462146374985664,2.3092105263157894,8831.142857142857,-115.42857142857143,8880.0,-88.35714285714286,1.8865965573556795,False,True,False,8866.1,2.6557601635450947,False,False,True,0.0
2023-05-21,107,170,133,7826,343,7996,-210,3.0,-600.0,-6.979990693345739,2.5789473684210527,8692.57142857143,-132.0,8822.07142857143,-97.28571428571429,2.5011398266037683,False,False,False,8865.0,2.6543853633342653,False,False,True,0.0
2023-05-22,99,156,139,7848,240,8004,-101,1.0,8.0,0.10005002501249916,1.7266187050359711,8538.285714285714,-119.57142857142857,8752.357142857143,-102.21428571428571,2.4175130999741445,False,False,False,8860.7,2.653010563123436,False,False,True,0.0
2023-05-23,25,66,94,7788,246,7854,-152,1.0,-150.0,-1.874062968515744,2.617021276595745,8417.42857142857,-133.85714285714286,8666.42857142857,-110.57142857142857,2.4018126071450436,False,True,False,8856.4,2.6516357629126066,False,False,True,0.0
2023-05-24,35,70,53,7709,276,7779,-223,1.0,-75.0,-0.9549274255156615,5.2075471698113205,8262.285714285714,-151.42857142857142,8576.142857142857,-123.21428571428571,2.415608270374021,False,False,False,8852.1,2.6502609627017772,False,False,True,0.0
2023-05-25,43,73,64,7546,408,7619,-344,1.0,-160.0,-2.056819642627583,6.375,8082.714285714285,-191.85714285714286,8490.214285714286,-136.64285714285714,2.4125856350828254,False,False,False,8847.800000000001,2.648886162490948,False,False,True,0.0
2023-05-29,41,60,71,6996,207,7056,-136,4.0,-563.0,-7.389421183882394,2.915492957746479,7843.428571428572,-195.0,8360.142857142857,-141.21428571428572,2.826516378032366,False,True,False,8843.5,2.6483144138732713,False,True,True,1.0
2023-05-30,65,83,65,7046,168,7129,-103,1.0,73.0,1.0345804988662222,2.5846153846153848,7633.857142857143,-181.28571428571428,8232.5,-148.35714285714286,2.895086910082293,False,False,False,8839.2,2.659884564177583,False,True,True,1.0
2023-05-31,38,80,82,7053,210,7133,-128,1.0,4.0,0.05610885117126596,2.5609756097560976,7510.571428571428,-169.57142857142858,8101.571428571428,-150.78571428571428,2.913093420045849,False,True,False,8834.9,2.678303640875878,False,True,True,1.0
2023-06-01,56,82,68,7002,287,7084,-219,1.0,-49.0,-0.6869479882237517,4.220588235294118,7379.142857142857,-186.42857142857142,7958.714285714285,-153.0,2.8457502946671274,False,False,False,8830.6,2.6859444336997913,False,True,True,1.0
2023-06-04,74,103,80,6555,292,6658,-212,3.0,-426.0,-6.013551665725581,3.65,7208.285714285715,-195.0,7812.857142857143,-164.42857142857142,2.946081401443664,False,False,False,8826.300000000001,2.7005777675105342,False,True,True,1.0
2023-06-05,68,107,102,6523,189,6630,-87,1.0,-28.0,-0.4205467107239458,1.8529411764705883,7044.142857142857,-175.57142857142858,7653.214285714285,-163.5,2.814900625645696,False,False,False,8822.0,2.7179599131327095,False,True,True,1.0
2023-06-06,92,124,93,6508,187,6632,-94,1.0,2.0,0.030165912518853588,2.010752688172043,6903.142857142857,-139.85714285714286,7492.928571428572,-165.85714285714286,2.86796756173145,False,False,False,8820.5,2.724348142929105,False,True,True,1.0
2023-06-07,113,162,107,6483,208,6645,-101,1.0,13.0,0.19601930036188264,1.9439252336448598,6844.428571428572,-134.85714285714286,7343.928571428572,-164.92857142857142,2.9936429304137957,False,False,False,8819.0,2.7309798947548587,False,True,True,1.0
2023-06-08,106,196,131,6446,255,6642,-124,1.0,-3.0,-0.04514672686229959,1.9465648854961832,6774.857142857143,-137.85714285714286,7204.357142857143,-159.57142857142858,3.0995271980449717,False,False,False,8817.5,2.751992718075962,False,True,True,1.0
2023-06-11,86,152,168,6007,238,6159,-70,3.0,-483.0,-7.271906052393861,1.4166666666666667,6635.714285714285,-129.57142857142858,7073.142857142857,-149.57142857142858,2.9164515423058712,False,True,False,8816.0,2.814900625645696,False,True,True,1.0
2023-06-12,84,118,136,6021,177,6139,-41,1.0,-20.0,-0.32472804026627555,1.3014705882352942,6500.714285714285,-104.14285714285714,6939.928571428572,-145.28571428571428,2.9533838233833527,False,True,False,8814.5,2.825354802793699,False,True,True,1.0
2023-06-13,59,64,117,6061,146,6125,-29,1.0,-14.0,-0.22805017103763037,1.2478632478632479,6424.571428571428,-78.0,6816.428571428572,-136.5,3.0414071918007424,False,True,False,8813.0,2.841903511340175,False,True,True,1.0
2023-06-14,62,97,52,6065,167,6162,-115,1.0,37.0,0.604081632653064,3.2115384615384617,6357.714285714285,-82.0,6700.928571428572,-128.78571428571428,3.155541413332247,False,False,False,8811.5,2.8613023816121532,False,True,True,1.0
2023-06-15,91,75,97,6038,272,6113,-175,1.0,-49.0,-0.7951963648166194,2.804123711340206,6283.571428571428,-93.57142857142857,6593.357142857143,-116.71428571428571,3.211330525597084,False,True,False,8810.0,2.884239170741956,False,True,True,1.0
2023-06-19,29,51,11,5679,142,5730,-131,4.0,-383.0,-6.265336168820546,12.909090909090908,6152.857142857143,-97.85714285714286,6498.642857142857,-116.35714285714286,2.859566622523913,False,False,False,8808.5,2.904090165064071,False,False,True,0.0
2023-06-20,33,53,34,5904,134,5957,-100,1.0,227.0,3.961605584642225,3.9411764705882355,6055.0,-94.42857142857143,6414.928571428572,-116.14285714285714,3.125568611310367,False,False,False,8807.0,2.9022895140677156,False,True,True,1.0
2023-06-21,93,196,169,5922,149,6118,20,1.0,161.0,2.7027027027026973,0.8816568047337278,6049.142857142857,-81.57142857142857,6342.428571428572,-105.57142857142857,3.3103110819753994,False,False,False,8799.4,2.9141008567238558,False,True,True,2.0
2023-06-22,124,234,161,5956,207,6190,-46,1.0,72.0,1.1768551814318462,1.2857142857142858,6056.428571428572,-82.28571428571429,6278.571428571428,-93.21428571428571,3.399773445625505,False,False,False,8791.8,2.92237751413343,False,True,True,1.0
2023-06-25,92,203,173,5766,263,5969,-90,3.0,-221.0,-3.5702746365104954,1.5202312138728324,6034.142857142857,-91.0,6229.357142857143,-84.5,3.0938771435583168,False,False,False,8784.2,2.946811643637633,False,True,True,1.0
2023-06-26,186,259,172,5819,174,6078,-2,1.0,109.0,1.8261015245434775,1.0116279069767442,6022.142857142857,-74.85714285714286,6189.928571428572,-78.42857142857143,3.1876331361133943,False,False,False,8776.6,2.9533838233833527,False,True,True,1.0
2023-06-27,154,225,220,5917,155,6142,65,1.0,64.0,1.0529779532741035,0.7045454545454546,6026.285714285715,-40.57142857142857,6154.928571428572,-67.07142857142857,3.233215847980891,False,False,False,8769.0,2.9896170197107517,False,True,True,2.0
2023-06-28,91,199,172,5999,174,6198,-2,1.0,56.0,0.9117551286226044,1.0116279069767442,6093.142857142857,-22.142857142857142,6123.0,-60.0,3.268472950608914,False,False,False,8761.4,3.031854339523353,False,True,True,1.0
2023-06-29,81,213,153,6058,213,6271,-60,1.0,73.0,1.177799290093584,1.392156862745098,6138.0,-16.428571428571427,6096.5,-55.42857142857143,3.31330625559445,False,False,False,8753.8,3.0781361580310445,False,True,True,1.0
2023-07-02,209,285,184,5903,309,6188,-125,3.0,-83.0,-1.3235528623823933,1.6793478260869565,6148.0,-37.142857142857146,6098.571428571428,-59.357142857142854,2.5475770111809504,False,False,False,8746.2,3.09726717625031,False,False,True,0.0
2023-07-04,184,314,217,6127,124,6441,93,2.0,253.0,4.088558500323214,0.5714285714285714,6183.857142857143,-17.285714285714285,6120.142857142857,-49.785714285714285,2.7601178752152915,False,False,False,8738.6,3.0967021708016444,False,False,True,1.0
2023-07-05,107,215,230,6193,167,6408,63,1.0,-33.0,-0.5123428039124356,0.7260869565217392,6246.571428571428,4.571428571428571,6140.357142857143,-43.214285714285715,2.757279558774687,False,True,False,8731.0,3.0961371653529786,False,False,True,2.0
2023-07-06,101,162,178,6239,205,6401,-27,1.0,-7.0,-0.10923845193507864,1.151685393258427,6292.714285714285,1.0,6157.428571428572,-36.92857142857143,2.750817474130005,False,True,False,8727.9,3.095572159904313,False,False,True,1.0
2023-07-09,99,190,176,6214,196,6404,-20,3.0,3.0,0.04686767692547722,1.1136363636363635,6330.142857142857,-11.142857142857142,6178.214285714285,-25.857142857142858,2.7254888557110313,False,False,False,8724.8,3.0950071544556477,False,False,True,0.0
2023-07-10,167,239,166,6346,163,6585,3,1.0,181.0,2.826358525921302,0.9819277108433735,6385.428571428572,-10.428571428571429,6239.285714285715,-16.285714285714285,2.0298020914896218,False,False,False,8721.7,3.0944421490069822,False,False,True,1.0
2023-07-11,115,216,169,6498,143,6714,26,1.0,129.0,1.9589977220956678,0.8461538461538461,6448.714285714285,1.8571428571428572,6293.357142857143,-7.285714285714286,1.8950376395635564,True,False,False,8718.6,3.0938771435583168,False,False,True,2.0
2023-07-12,84,158,193,6521,210,6679,-17,1.0,-35.0,-0.5212987786714307,1.0880829015544042,6518.857142857143,17.285714285714285,6333.428571428572,-9.928571428571429,1.850980355090966,True,True,False,8715.5,3.08863014838256,False,False,True,1.0
2023-07-13,130,227,192,6604,226,6831,-34,1.0,152.0,2.2757897888905587,1.1770833333333333,6574.571428571428,-0.8571428571428571,6379.214285714285,-9.071428571428571,1.8936802675287165,False,False,False,8712.4,3.083383153206802,False,False,True,0.0
2023-07-16,88,214,160,6468,218,6682,-58,3.0,-149.0,-2.1812326160152273,1.3625,6613.714285714285,-18.142857142857142,6430.142857142857,-6.785714285714286,1.7041930572201618,False,False,False,8709.3,3.0781361580310445,False,False,True,0.0
2023-07-17,113,208,159,6632,160,6840,-1,1.0,158.0,2.3645615085303717,1.0062893081761006,6676.428571428572,-14.428571428571429,6484.571428571428,-6.714285714285714,1.7322289149094603,False,False,False,8706.2,3.0728891628552875,False,False,True,0.0
2023-07-18,174,285,150,6874,181,7159,-31,1.0,319.0,4.66374269005847,1.2066666666666668,6784.285714285715,-16.0,6557.214285714285,-13.571428571428571,2.0253531535401867,False,False,False,8703.1,3.0676421676795296,False,False,True,0.0
2023-07-19,104,230,206,7001,226,7231,-20,1.0,72.0,1.005727056851513,1.0970873786407767,6876.571428571428,-19.285714285714285,6631.0,-14.857142857142858,2.001528075048399,False,False,False,8700.0,3.0623951725037726,False,False,True,0.0
2023-07-20,147,276,214,7116,281,7392,-67,1.0,161.0,2.2265246853823806,1.3130841121495327,6973.428571428572,-32.57142857142857,6711.071428571428,-15.357142857142858,2.0078702249031926,False,False,False,8689.6,3.0571481773280147,False,False,True,0.0
2023-07-23,108,220,213,7052,276,7272,-63,3.0,-120.0,-1.6233766233766267,1.295774647887324,7058.142857142857,-39.142857142857146,6788.5,-10.928571428571429,2.0402812510385315,False,False,False,8679.199999999999,3.0519011821522573,False,False,True,0.0
2023-07-24,180,280,146,7220,187,7500,-41,1.0,228.0,3.1353135313531455,1.2808219178082192,7153.714285714285,-40.142857142857146,6864.142857142857,-20.5,1.9843540004995857,False,False,False,8668.800000000001,3.0466541869765003,False,False,True,0.0
2023-07-25,134,294,186,7510,136,7804,50,1.0,304.0,4.053333333333331,0.7311827956989247,7314.0,-24.714285714285715,6963.857142857143,-21.428571428571427,2.082536885549665,False,False,False,8658.400000000001,3.0414071918007424,False,False,True,1.0
2023-07-26,202,313,158,7647,215,7960,-57,1.0,156.0,1.9989748846745314,1.360759493670886,7474.0,-32.714285714285715,7075.214285714285,-23.571428571428573,2.0114773983053693,False,False,False,8648.0,3.036630765662048,False,False,True,0.0
2023-07-27,110,272,193,7754,259,8026,-66,1.0,66.0,0.8291457286432102,1.3419689119170986,7597.857142857143,-37.714285714285715,7191.071428571428,-26.857142857142858,1.94124887281061,False,False,False,8637.6,3.031854339523353,False,False,True,0.0
2023-07-30,166,277,229,7671,305,7948,-76,3.0,-78.0,-0.9718415150759996,1.331877729257642,7700.285714285715,-45.714285714285715,7288.428571428572,-32.5,2.0203469113922194,False,False,False,8627.199999999999,3.0270779133846584,False,False,True,0.0
2023-07-31,136,276,178,7800,220,8076,-42,1.0,128.0,1.610468042274782,1.2359550561797752,7798.0,-42.142857142857146,7385.714285714285,-37.357142857142854,1.9935140663239908,False,False,False,8616.800000000001,3.022301487245964,False,False,True,0.0
2023-08-01,87,246,173,8103,168,8349,5,1.0,273.0,3.3803863298662806,0.9710982658959537,7951.857142857143,-32.42857142857143,7505.0,-35.785714285714285,1.9846683653217903,False,False,False,8606.400000000001,3.017525061107269,False,False,True,1.0
2023-08-02,84,171,157,8261,271,8432,-114,1.0,83.0,0.9941310336567311,1.7261146496815287,8085.0,-42.857142857142854,7619.357142857143,-41.5,1.954563563665609,False,False,False,8596.0,3.012748634968575,False,False,True,0.0
2023-08-03,167,209,157,8294,339,8503,-182,1.0,71.0,0.8420303605312984,2.159235668789809,8184.857142857143,-76.0,7749.428571428572,-50.357142857142854,1.668696500899188,False,False,False,8595.9,3.0079722088298797,False,False,True,0.0
2023-08-06,109,245,159,8298,322,8543,-163,3.0,40.0,0.4704222039280337,2.0251572327044025,8268.142857142857,-91.14285714285714,7871.071428571428,-61.92857142857143,1.6666863470566382,False,False,False,8595.8,3.003195782691185,False,False,True,0.0
2023-08-07,156,256,176,8493,202,8749,-26,1.0,206.0,2.4113309141987616,1.1477272727272727,8371.42857142857,-85.42857142857143,7984.642857142857,-61.57142857142857,1.5179882054898899,False,False,False,8595.7,2.998419356552491,True,False,True,1.0
2023-08-08,125,232,192,8725,207,8957,-15,1.0,208.0,2.3774145616641817,1.078125,8515.57142857143,-76.71428571428571,8107.928571428572,-61.214285714285715,1.5176962417183961,False,False,False,8658.400000000001,2.9936429304137957,True,False,True,1.0
2023-08-09,118,139,168,8888,251,9027,-83,1.0,70.0,0.7815116668527411,1.494047619047619,8651.42857142857,-82.57142857142857,8224.714285714286,-62.357142857142854,1.4992797362411012,False,True,False,8715.5,2.9896170197107517,True,False,True,1.0
2023-08-10,142,235,139,8914,353,9149,-214,1.0,122.0,1.3515010523983628,2.539568345323741,8765.714285714286,-113.85714285714286,8358.785714285714,-73.14285714285714,1.2301525497151597,False,False,False,8738.2,2.985591109007707,True,False,True,1.0
2023-08-16,148,245,175,9634,288,9879,-113,6.0,730.0,7.979014099901627,1.6457142857142857,8972.42857142857,-113.71428571428571,8528.714285714286,-78.28571428571429,2.2193477267848953,False,False,False,8766.4,2.9815651983046627,True,False,True,1.0
2023-08-17,119,219,210,9694,407,9913,-197,1.0,34.0,0.34416438910820357,1.938095238095238,9173.857142857143,-115.85714285714286,8679.357142857143,-95.92857142857143,2.169782946796811,False,False,False,8810.0,2.9775392876016187,True,False,True,1.0
2023-08-20,105,210,149,9483,390,9693,-241,3.0,-220.0,-2.219307979420959,2.61744966442953,9338.142857142857,-127.0,8803.142857142857,-109.07142857142857,2.416522640692151,False,False,False,8826.300000000001,2.973513376898574,True,False,True,1.0
2023-08-21,143,203,163,9668,281,9871,-118,1.0,178.0,1.8363767667388897,1.7239263803680982,9498.42857142857,-140.14285714285714,8934.92857142857,-112.78571428571429,2.3782562194982946,False,False,False,8865.0,2.96948746619553,True,False,True,1.0
2023-08-22,119,209,152,9921,230,10130,-78,1.0,259.0,2.623847634484844,1.513157894736842,9666.0,-149.14285714285714,9090.785714285714,-112.92857142857143,2.2647975513062706,False,False,False,8874.9,2.9654615554924857,True,False,True,1.0
2023-08-23,155,212,181,10071,285,10283,-104,1.0,153.0,1.5103652517275412,1.574585635359116,9845.42857142857,-152.14285714285714,9248.42857142857,-117.35714285714286,2.2245514796781123,False,False,False,8876.8,2.961435644789441,True,False,True,1.0
2023-08-24,109,214,173,10026,443,10240,-270,1.0,-43.0,-0.41816590489156535,2.560693641618497,10001.285714285714,-160.14285714285714,9383.5,-137.0,2.231663315364841,False,False,False,8904.300000000001,2.957409734086397,True,False,True,1.0
2023-08-27,191,283,192,9873,488,10156,-296,3.0,-84.0,-0.8203124999999978,2.5416666666666665,10040.857142857143,-186.28571428571428,9506.642857142857,-150.0,2.284859381157467,False,False,False,8940.6,2.9533838233833527,True,False,True,1.0
2023-08-28,170,297,196,10012,388,10309,-192,1.0,153.0,1.5064986215045373,1.9795918367346939,10097.42857142857,-185.57142857142858,9635.642857142857,-150.71428571428572,2.250025421460953,False,False,False,8961.5,2.952653581189384,True,False,True,1.0
2023-08-29,152,272,214,10180,286,10452,-72,1.0,143.0,1.387137452711218,1.3364485981308412,10205.857142857143,-161.42857142857142,9772.0,-144.21428571428572,2.203175310111477,False,False,False,8971.6,2.951923338995415,True,False,True,1.0
2023-08-30,239,367,224,10280,366,10647,-142,1.0,195.0,1.8656716417910557,1.6339285714285714,10316.714285714286,-164.85714285714286,9907.57142857143,-152.5,2.1704663321481745,False,False,False,8994.1,2.951193096801446,True,False,True,1.0
2023-08-31,113,280,237,10140,505,10420,-268,1.0,-227.0,-2.1320559782098236,2.130801687763713,10358.142857142857,-192.0,10012.07142857143,-170.57142857142858,2.340491703444468,False,False,False,9030.2,2.950462854607477,True,False,True,1.0
2023-09-04,196,306,187,9988,293,10294,-106,4.0,-126.0,-1.2092130518234212,1.5668449197860963,10359.714285714286,-192.28571428571428,10102.57142857143,-172.21428571428572,2.3981207268890294,False,False,False,9044.4,2.9497326124135084,True,False,True,1.0
2023-09-05,236,330,222,10142,243,10472,-21,1.0,178.0,1.7291626190013565,1.0945945945945945,10392.857142857143,-156.71428571428572,10197.07142857143,-158.42857142857142,2.3859015440958586,False,False,False,9057.0,2.9490023702195396,True,False,True,1.0
2023-09-06,81,230,242,10356,291,10586,-49,1.0,114.0,1.0886172650878434,1.2024793388429753,10454.285714285714,-121.42857142857143,10247.57142857143,-153.85714285714286,1.575588614067959,False,True,False,9081.3,2.948272128025571,True,False,True,1.0
2023-09-07,118,245,160,10419,398,10664,-238,1.0,78.0,0.7368222180238027,2.4875,10505.0,-128.0,10301.214285714286,-156.78571428571428,1.5681830929842135,False,False,False,9136.0,2.9475418858316016,True,False,True,1.0
2023-09-10,218,283,208,10282,382,10565,-174,3.0,-99.0,-0.9283570892723136,1.8365384615384615,10521.142857142857,-142.57142857142858,10363.5,-152.0,1.4327626517150018,False,False,False,9529.80000000001,2.946811643637633,True,False,True,1.0
2023-09-11,132,243,183,10492,277,10735,-94,1.0,170.0,1.6090866067203002,1.5136612021857923,10533.714285714286,-135.71428571428572,10425.214285714286,-150.28571428571428,1.4198216764133256,False,False,False,9799.8,2.946081401443664,True,False,True,1.0
2023-09-12,224,315,152,10649,316,10964,-164,1.0,229.0,2.133209129017244,2.0789473684210527,10611.42857142857,-120.85714285714286,10484.785714285714,-156.42857142857142,1.3842216991991212,False,False,False,9875.0,2.943118415529885,True,False,True,1.0
2023-09-13,167,326,213,10678,343,11004,-130,1.0,40.0,0.36483035388543694,1.6103286384976525,10712.857142857143,-124.28571428571429,10536.285714285714,-158.28571428571428,1.353969968489086,False,False,False,9892.6,2.940155429616105,True,False,True,1.0
2023-09-14,209,353,232,10837,414,11190,-182,1.0,186.0,1.6902944383860419,1.7844827586206897,10815.42857142857,-147.28571428571428,10604.142857142857,-152.0,1.3590014788301559,False,False,False,9978.100000000002,2.937192443702327,True,False,True,1.0
2023-09-17,153,253,286,10799,427,11052,-141,3.0,-138.0,-1.2332439678284235,1.493006993006993,10882.0,-160.42857142857142,10668.142857142857,-140.92857142857142,1.3978354031585332,False,True,False,10135.2,2.934229457788547,True,False,True,1.0
2023-09-18,180,337,219,10892,313,11229,-94,1.0,177.0,1.601520086862096,1.4292237442922375,10962.714285714286,-139.85714285714286,10733.857142857143,-133.92857142857142,1.4007801659691932,False,False,False,10164.4,2.9312664718747676,True,False,True,1.0
2023-09-19,133,287,189,11095,260,11382,-71,1.0,153.0,1.362543414373496,1.3756613756613756,11079.42857142857,-125.14285714285714,10800.285714285714,-133.85714285714286,1.396039976805986,False,False,False,10240.0,2.9283034859609884,True,False,True,1.0
2023-09-20,187,310,247,11064,364,11374,-117,1.0,-8.0,-0.07028641714988959,1.4736842105263157,11170.714285714286,-128.42857142857142,10852.214285714286,-132.07142857142858,1.3562101940274454,False,False,False,10278.7,2.9253405000472092,True,False,True,1.0
2023-09-21,168,285,210,11067,428,11352,-218,1.0,-22.0,-0.19342359767892114,2.038095238095238,11226.142857142857,-136.14285714285714,10918.785714285714,-128.5,1.1536261640250483,False,False,False,10291.8,2.9223775141334305,True,False,True,1.0
2023-09-24,269,412,204,10744,403,11156,-199,3.0,-196.0,-1.7265680056377741,1.9754901960784315,11247.857142857143,-146.0,10980.357142857143,-135.14285714285714,1.2316676021655855,False,False,False,10304.5,2.9194145282196504,True,False,True,1.0
2023-09-25,100,255,236,10842,284,11097,-48,1.0,-59.0,-0.5288633918967389,1.2033898305084745,11234.57142857143,-126.85714285714286,11025.0,-137.07142857142858,1.218838739044602,False,False,False,10375.599999999999,2.9164515423058712,True,False,True,1.0
2023-09-26,205,294,177,10978,332,11272,-155,1.0,175.0,1.5770027935477993,1.8757062146892656,11266.0,-128.85714285714286,11074.0,-144.64285714285714,1.2438647722564915,False,False,False,10436.0,2.916115730079869,True,False,True,1.0
2023-09-27,161,304,211,11017,331,11321,-120,1.0,49.0,0.434705464868701,1.5687203791469195,11279.142857142857,-132.57142857142858,11120.92857142857,-136.21428571428572,1.2363514001450508,False,False,False,10460.0,2.915779917853867,True,False,True,1.0
2023-09-28,57,162,193,10984,447,11146,-254,1.0,-175.0,-1.545799841003448,2.316062176165803,11245.42857142857,-158.71428571428572,11162.42857142857,-141.92857142857142,1.2989493822267588,False,True,False,10499.900000000001,2.9154441056278646,True,False,True,1.0
2023-10-01,80,122,152,10598,493,10720,-341,3.0,-426.0,-3.8219989233805873,3.2434210526315788,11152.0,-190.71428571428572,11161.357142857143,-159.57142857142858,1.6668843810871403,False,True,False,10569.2,2.9151082934018624,True,False,True,1.0
2023-10-02,107,170,133,10724,284,10894,-151,1.0,174.0,1.6231343283582111,2.1353383458646618,11086.57142857143,-181.14285714285714,11156.357142857143,-158.64285714285714,1.6254057195959246,False,False,False,10592.1,2.91477248117586,True,False,True,1.0
2023-10-03,99,156,139,10818,287,10974,-148,1.0,80.0,0.7343491830365423,2.064748201438849,11060.57142857143,-173.85714285714286,11154.214285714286,-159.92857142857142,1.6353600309383558,False,False,False,10647.0,2.914436668949858,True,False,True,1.0
2023-10-04,25,66,94,10963,330,11029,-236,1.0,55.0,0.5011846181884438,3.5106382978723403,11050.857142857143,-200.71428571428572,11142.714285714286,-163.78571428571428,1.572658763056094,False,True,False,10662.3,2.9141008567238558,True,False,True,1.0
2023-10-05,35,70,53,11130,427,11200,-374,1.0,171.0,1.5504578837610028,8.056603773584905,11040.57142857143,-232.0,11153.285714285714,-180.42857142857142,1.5916655444067456,False,False,False,10708.800000000001,2.9137650444978536,True,False,True,1.0
2023-10-09,43,73,64,10815,282,10888,-218,4.0,-312.0,-2.7857142857142803,4.40625,10978.714285714286,-246.0,11128.92857142857,-189.28571428571428,1.7066459389641024,False,False,False,10730.5,2.9134292322718514,True,False,True,1.0
2023-10-10,41,60,71,10910,257,10970,-186,1.0,82.0,0.7531227038942045,3.619718309859155,10953.57142857143,-236.28571428571428,11099.5,-197.5,1.6733451122731782,False,True,False,10826.8,2.913093420045849,True,False,True,1.0
2023-10-11,65,83,65,10960,266,11043,-201,1.0,73.0,0.6654512306289773,4.092307692307692,10999.714285714286,-216.28571428571428,11075.857142857143,-203.5,1.694703690459084,False,False,False,10891.0,2.911292769049494,True,False,True,1.0
2023-10-12,38,80,82,10992,398,11072,-316,1.0,29.0,0.2626097980621189,4.853658536585366,11025.142857142857,-239.85714285714286,11055.857142857143,-210.5,1.7025495415161471,False,True,False,10922.0,2.909492118053138,True,False,True,1.0
2023-10-15,56,82,68,10571,434,10653,-366,3.0,-419.0,-3.7843208092485536,6.382352941176471,10979.285714285714,-271.0,11019.92857142857,-222.42857142857142,1.925441138766803,False,False,False,10965.8,2.907691467056783,False,False,True,0.0
2023-10-16,74,103,80,10629,331,10732,-251,1.0,79.0,0.7415751431521622,4.1375,10936.857142857143,-273.14285714285717,10993.857142857143,-236.92857142857142,1.948575712934789,False,False,False,10965.2,2.9058908160604267,False,False,True,0.0
2023-10-17,68,107,102,10630,315,10737,-213,1.0,5.0,0.04658963846440045,3.088235294117647,10870.714285714286,-250.14285714285714,10955.642857142857,-241.07142857142858,1.8860887639053736,False,False,False,10964.6,2.904090165064071,False,False,True,0.0
2023-10-18,92,124,93,10511,393,10635,-300,1.0,-102.0,-0.9499860296172113,4.225806451612903,10834.57142857143,-261.85714285714283,10906.642857142857,-253.92857142857142,1.8857247522705674,False,False,False,10964.0,2.9022895140677156,False,False,True,0.0
2023-10-19,113,162,107,10319,406,10481,-299,1.0,-154.0,-1.4480488951574944,3.794392523364486,10764.714285714286,-278.0,10859.142857142857,-257.14285714285717,1.8855463132949362,False,False,False,10957.0,2.9004888630713603,False,False,True,0.0
2023-10-22,106,196,131,9506,454,9702,-323,3.0,-779.0,-7.432496899150842,3.4656488549618323,10573.142857142857,-295.42857142857144,10786.42857142857,-255.85714285714286,2.4769186120855116,False,False,False,10950.0,2.8986882120750046,False,False,True,0.0
2023-10-23,86,152,168,9436,327,9588,-159,1.0,-114.0,-1.1750154607297447,1.9464285714285714,10361.142857142857,-273.0,10693.142857142857,-256.42857142857144,2.4093080535792915,False,True,False,10943.000000000002,2.8968875610786484,False,False,True,0.0
2023-10-24,84,118,136,9396,300,9514,-164,1.0,-74.0,-0.7717980809345049,2.2058823529411766,10198.42857142857,-244.14285714285714,10588.857142857143,-257.57142857142856,2.3884279909317585,False,True,False,10936.0,2.895086910082293,False,False,True,0.0
2023-10-25,59,64,117,9351,293,9415,-176,1.0,-99.0,-1.0405717889426125,2.5042735042735043,10010.285714285714,-233.42857142857142,10473.57142857143,-253.28571428571428,2.375134144586168,False,True,False,10929.0,2.892374975247209,False,False,True,0.0
2023-10-26,62,97,52,9235,390,9332,-338,1.0,-83.0,-0.8815719596388716,7.5,9809.57142857143,-251.28571428571428,10340.142857142857,-250.71428571428572,2.2743072937396263,False,False,False,10922.0,2.889663040412125,False,False,True,0.0
2023-10-29,91,75,97,8925,418,9000,-321,3.0,-332.0,-3.557651093013292,4.309278350515464,9576.0,-254.28571428571428,10205.285714285714,-258.07142857142856,2.3163721022687533,False,True,False,10915.0,2.8869511055770407,False,False,True,0.0
2023-10-30,29,51,11,9026,278,9077,-267,1.0,77.0,0.855555555555565,25.272727272727273,9375.42857142857,-249.71428571428572,10070.07142857143,-263.85714285714283,2.3440060055069867,False,False,False,10908.000000000002,2.8842391707419557,False,False,True,0.0
2023-10-31,33,53,34,9072,295,9125,-261,1.0,48.0,0.5288090778891696,8.676470588235293,9293.0,-240.85714285714286,9933.07142857143,-268.14285714285717,2.360154379232214,False,False,False,10901.0,2.8815272359068715,False,False,True,0.0
2023-11-01,132,235,197,9250,279,9485,-82,1.0,360.0,3.945205479452052,1.416243654822335,9278.285714285714,-229.85714285714286,9819.714285714286,-251.42857142857142,2.718069609082538,False,False,False,10894.0,2.8788153010717874,False,False,True,0.0
2023-11-02,174,208,256,9442,330,9650,-74,1.0,165.0,1.7395888244596813,1.2890625,9297.714285714286,-217.0,9748.07142857143,-230.57142857142858,2.677815791791229,False,True,False,10893.4,2.8761033662367033,False,False,True,0.0
2023-11-05,123,230,167,9273,370,9503,-203,3.0,-147.0,-1.523316062176161,2.215568862275449,9310.285714285714,-220.85714285714286,9660.285714285714,-227.14285714285714,2.6704481385651233,False,False,False,10892.8,2.873391431401619,False,False,True,0.0
2023-11-06,123,233,159,9286,316,9519,-157,1.0,16.0,0.1683678838261704,1.9874213836477987,9337.0,-195.0,9573.285714285714,-223.14285714285714,2.6980685394128887,False,False,False,10892.2,2.870679496566534,False,False,True,0.0
2023-11-07,141,232,188,9483,231,9715,-43,1.0,196.0,2.0590398151066225,1.2287234042553192,9439.142857142857,-155.28571428571428,9507.57142857143,-204.78571428571428,2.8295222839480902,False,False,False,10891.6,2.86796756173145,False,False,True,0.0
2023-11-08,158,226,191,9634,310,9860,-119,1.0,145.0,1.4925373134328401,1.6230366492146597,9551.0,-134.14285714285714,9463.214285714286,-191.92857142857142,2.888081040768834,False,False,False,10891.0,2.8671274678106964,False,True,True,1.0
2023-11-12,96,160,233,9477,313,9637,-80,4.0,-223.0,-2.2616632860040564,1.3433476394849786,9624.142857142857,-108.28571428571429,9458.57142857143,-174.57142857142858,1.947642814851457,False,True,False,10890.4,2.8840583449613577,False,False,True,0.0
2023-11-13,141,173,129,9510,287,9683,-158,1.0,46.0,0.4773269689737569,2.2248062015503876,9652.42857142857,-119.14285714285714,9465.357142857143,-174.5,1.921332353037697,False,False,False,10889.8,2.8820469970576195,False,False,True,0.0
2023-11-14,116,181,182,9665,247,9846,-65,1.0,163.0,1.6833625942373143,1.3571428571428572,9680.42857142857,-117.85714285714286,9489.07142857143,-167.42857142857142,1.9471862020490625,False,True,False,10889.2,2.8800356491538803,False,False,True,0.0
2023-11-15,150,157,201,9762,316,9919,-115,1.0,73.0,0.7414178346536682,1.572139303482587,9739.857142857143,-105.28571428571429,9525.07142857143,-163.07142857142858,1.9073359491791222,False,True,False,10888.6,2.878024301250142,False,False,True,0.0
2023-11-16,80,176,125,9762,374,9938,-249,1.0,19.0,0.191551567698367,2.992,9799.714285714286,-118.42857142857143,9568.357142857143,-156.71428571428572,1.8660905220929018,False,False,False,10888.0,2.876012953346404,False,False,True,0.0
2023-11-19,116,188,164,9573,435,9761,-271,3.0,-177.0,-1.7810424632722865,2.652439024390244,9806.285714285714,-151.0,9622.714285714286,-153.14285714285714,1.631541558437862,False,False,False,10872.900000000001,2.8740016054426656,False,False,True,0.0
2023-11-20,105,185,158,9638,298,9823,-140,1.0,62.0,0.635180821637138,1.8860759493670887,9801.0,-154.0,9676.0,-144.07142857142858,1.6213653589785404,False,False,False,10857.800000000001,2.8719902575389273,False,False,True,0.0
2023-11-21,136,246,123,9804,250,10050,-127,1.0,227.0,2.310902982795482,2.032520325203252,9860.0,-160.71428571428572,9742.07142857143,-134.5,1.6790161342985515,False,False,False,10842.700000000003,2.869978909635188,False,False,True,0.0
2023-11-23,128,228,177,9838,283,10066,-106,2.0,16.0,0.1592039800994982,1.5988700564971752,9914.714285714286,-153.28571428571428,9783.57142857143,-136.21428571428572,1.4328826776089287,False,False,False,10827.599999999999,2.86796756173145,False,False,True,0.0
2023-11-26,90,196,205,9845,312,10041,-107,3.0,-25.0,-0.24836081859725967,1.5219512195121951,9942.57142857143,-159.28571428571428,9811.5,-138.57142857142858,1.390804309779911,False,True,False,10812.5,2.8671274678106964,False,False,True,0.0
2023-11-27,56,82,68,10123,214,10205,-146,1.0,164.0,1.6333034558311033,3.1470588235294117,9983.42857142857,-163.71428571428572,9861.642857142857,-134.5,1.3283395186793867,False,False,False,10797.400000000001,2.866287373889943,False,False,True,0.0
2023-11-28,74,103,80,10223,223,10326,-143,1.0,121.0,1.185693287604117,2.7875,10038.857142857143,-148.57142857142858,9919.285714285714,-133.5,1.3296690046777138,False,False,False,10782.300000000001,2.865447279969189,False,False,True,0.0
2023-11-29,68,107,102,10398,284,10505,-182,1.0,179.0,1.73348828200659,2.784313725490196,10145.142857142857,-135.85714285714286,9975.714285714286,-143.42857142857142,1.3091166967123644,False,False,False,10767.200000000003,2.8646071860484352,False,False,True,0.0
2023-11-30,92,124,93,10536,320,10660,-227,1.0,155.0,1.47548786292242,3.4408602150537635,10264.714285714286,-148.28571428571428,10032.857142857143,-151.14285714285714,1.3071216527789304,False,False,False,10752.099999999999,2.8637670921276817,False,False,True,0.0
2023-12-03,132,235,197,10579,417,10814,-220,3.0,154.0,1.4446529080675452,2.116751269035533,10373.857142857143,-161.57142857142858,10116.92857142857,-161.14285714285714,1.0414785162812201,False,False,False,10737.0,2.8629269982069276,True,False,True,1.0
2023-12-04,174,208,256,10635,273,10843,-17,1.0,29.0,0.2681708895875712,1.06640625,10484.857142857143,-148.85714285714286,10199.785714285714,-151.07142857142858,1.0385959769509954,False,True,False,10806.300000000001,2.862086904286174,True,False,True,1.0
2023-12-05,123,230,167,10761,261,10991,-94,1.0,148.0,1.364935903347786,1.562874251497006,10620.57142857143,-147.0,10281.57142857143,-153.14285714285714,1.0225526095098711,False,False,False,10837.2,2.8612468103654205,True,False,True,1.0
2023-12-06,123,233,159,10832,376,11065,-217,1.0,74.0,0.6732781366572738,2.3647798742138364,10743.42857142857,-157.14285714285714,10363.42857142857,-160.42857142857142,1.0144170681897913,False,False,False,10874.5,2.8604067164446665,True,False,True,1.0
2023-12-07,141,232,188,10897,466,11129,-278,1.0,64.0,0.5784003615002309,2.478723404255319,10858.142857142857,-176.42857142857142,10448.5,-162.5,0.9928452697090834,False,False,False,10891.6,2.859566622523913,True,False,True,1.0
2023-12-10,158,226,191,10871,411,11097,-220,3.0,-32.0,-0.2875370653248277,2.1518324607329844,10942.714285714286,-181.85714285714286,10543.92857142857,-158.85714285714286,0.7597394535141703,False,False,False,10929.0,2.8581849897382345,True,False,True,1.0
2023-12-11,96,160,233,10998,304,11158,-71,1.0,61.0,0.5496981166080994,1.3047210300429184,11013.857142857143,-159.57142857142858,10639.285714285714,-153.92857142857142,0.7532359488814777,False,True,False,10966.4,2.856803356952556,True,False,True,1.0
2023-12-12,141,173,129,11077,259,11250,-130,1.0,92.0,0.8245205233912811,2.007751937984496,11076.142857142857,-146.71428571428572,10725.0,-154.14285714285714,0.658641583143641,False,False,False,10971.2,2.8554217241668773,True,False,True,1.0
2023-12-13,116,181,182,11192,335,11373,-153,1.0,123.0,1.093333333333324,1.8406593406593406,11151.857142857143,-166.14285714285714,10818.357142857143,-157.5,0.6310096432734689,False,True,False,10977.4,2.8540400913811985,True,False,True,1.0
2023-12-14,150,157,201,11242,396,11399,-195,1.0,26.0,0.2286116240218128,1.9701492537313432,11210.142857142857,-180.57142857142858,10915.357142857143,-163.78571428571428,0.5733919988669224,False,True,False,10992.3,2.85265845859552,True,False,True,1.0
2023-12-17,80,176,125,11092,456,11268,-331,3.0,-131.0,-1.149223616106676,3.648,11239.142857142857,-196.85714285714286,10991.285714285714,-177.0,0.7662177071562954,False,False,False,11004.0,2.8512768258098418,True,False,True,1.0
2023-12-18,116,188,164,11149,364,11337,-200,1.0,69.0,0.6123535676251235,2.2195121951219514,11268.857142857143,-185.71428571428572,11063.5,-181.07142857142858,0.7521779919148343,False,False,False,11026.5,2.8498951930241634,True,False,True,1.0
2023-12-19,105,185,158,11291,272,11476,-114,1.0,139.0,1.2260739172620605,1.7215189873417722,11323.0,-170.57142857142858,11132.857142857143,-176.21428571428572,0.717596276088558,False,False,False,11040.2,2.8485135602384846,True,False,True,1.0
2023-12-20,136,246,123,11516,390,11762,-267,1.0,286.0,2.492157546183349,3.1707317073170733,11409.285714285714,-198.57142857142858,11211.57142857143,-179.07142857142858,0.8617254986783555,False,False,False,11049.3,2.8471319274528057,True,False,True,1.0
2023-12-21,128,228,177,11375,497,11603,-320,1.0,-159.0,-1.3518109165107983,2.8079096045197742,11459.714285714286,-225.71428571428572,11267.92857142857,-186.21428571428572,1.0003911108894397,False,False,False,11059.8,2.8457502946671274,True,False,True,1.0
2023-12-25,90,196,205,11144,347,11340,-142,4.0,-263.0,-2.266655175385679,1.6926829268292682,11455.0,-224.14285714285714,11303.42857142857,-195.14285714285714,1.2519437788125394,False,True,False,11068.5,2.8441274935952237,True,False,True,1.0
2023-12-26,56,82,68,11217,288,11299,-220,1.0,-41.0,-0.36155202821869237,4.235294117647059,11440.714285714286,-227.71428571428572,11325.42857142857,-204.14285714285714,1.2268549965231101,False,False,False,11082.0,2.84250469252332,True,False,True,1.0
2023-12-27,74,103,80,11206,335,11309,-255,1.0,10.0,0.08850340738117968,4.1875,11446.57142857143,-216.85714285714286,11342.857142857143,-206.85714285714286,1.2179886712206323,False,False,False,11097.0,2.8408818914514167,True,False,True,1.0
2023-12-28,68,107,102,11230,357,11337,-255,1.0,28.0,0.2475904147139385,3.5,11446.57142857143,-224.71428571428572,11357.714285714286,-205.21428571428572,1.2111146715526488,False,False,False,11103.400000000001,2.8392590903795125,True,False,True,1.0
2024-01-01,92,124,93,10870,290,10994,-197,4.0,-343.0,-3.0254917526682523,3.118279569892473,11377.714285714286,-236.57142857142858,11350.357142857143,-203.57142857142858,1.4761370576640238,False,False,False,11130.7,2.837636289307609,False,False,True,0.0
2024-01-02,113,162,107,10770,316,10932,-209,1.0,-62.0,-0.5639439694378745,2.953271028037383,11259.142857142857,-228.28571428571428,11334.214285714286,-213.42857142857142,1.4726236495981355,False,False,False,11129.0,2.836013488235705,False,False,True,0.0
2024-01-03,106,196,131,10718,263,10914,-132,1.0,-18.0,-0.16465422612513825,2.0076335877862594,11160.714285714286,-201.42857142857142,11310.214285714286,-213.57142857142858,1.449942086535615,False,False,False,11125.8,2.8343906871638014,False,False,True,0.0
2024-01-04,86,152,168,10558,362,10710,-194,1.0,-204.0,-1.869158878504673,2.1547619047619047,11070.714285714286,-208.85714285714286,11262.857142857143,-216.5,1.4625900848288647,False,True,False,11122.6,2.832767886091898,False,False,True,0.0
2024-01-07,84,118,136,9670,367,9788,-231,3.0,-922.0,-8.608776844070965,2.698529411764706,10854.857142857143,-210.42857142857142,11147.785714285714,-219.07142857142858,2.547181608213614,False,True,False,11119.400000000001,2.831145085019994,False,False,True,0.0
2024-01-08,59,64,117,9670,367,9734,-250,1.0,-54.0,-0.5516959542296695,3.1367521367521367,10629.857142857143,-209.71428571428572,11038.214285714286,-213.28571428571428,2.5762093377261124,False,True,False,11116.2,2.8295222839480902,False,False,True,0.0
2024-01-09,62,97,52,9311,286,9408,-234,1.0,-326.0,-3.3490856790630796,5.5,10354.285714285714,-206.71428571428572,10900.42857142857,-215.71428571428572,2.6134954990465697,False,False,False,11113.0,2.829221693356518,False,False,True,0.0
2024-01-10,91,75,97,9144,349,9219,-252,1.0,-189.0,-2.00892857142857,3.597938144329897,10100.714285714286,-214.57142857142858,10739.214285714286,-225.57142857142858,2.5479863941919065,False,True,False,11109.8,2.8289211027649452,False,False,True,0.0
2024-01-11,29,51,11,8829,476,8880,-465,1.0,-339.0,-3.6771884152294154,43.27272727272727,9807.57142857143,-251.14285714285714,10533.357142857143,-239.71428571428572,2.3211113584341314,False,False,False,11106.6,2.828620512173373,False,False,True,0.0
2024-01-15,33,53,34,8033,234,8086,-200,4.0,-794.0,-8.941441441441444,6.882352941176471,9403.57142857143,-260.85714285714283,10282.142857142857,-231.14285714285714,2.8187468929889308,False,False,False,11103.400000000001,2.8283199215818007,False,False,True,0.0
2024-01-16,32,49,39,8133,188,8182,-149,1.0,96.0,1.187237200098945,4.82051282051282,9042.42857142857,-254.42857142857142,10056.57142857143,-231.64285714285714,3.025169522406012,False,False,False,11100.2,2.8280193309902284,False,True,True,1.0
2024-01-17,80,176,125,8072,353,8248,-228,1.0,66.0,0.8066487411390932,2.824,8822.42857142857,-254.0,9838.642857142857,-232.21428571428572,3.1559352584273883,False,False,False,11097.0,2.836013488235705,False,True,True,1.0
2024-01-18,116,188,164,8042,359,8230,-195,1.0,-18.0,-0.21823472356935492,2.1890243902439024,8607.57142857143,-246.14285714285714,9618.714285714286,-227.92857142857142,3.2125573469746254,False,False,False,11097.0,2.8498951930241634,False,True,True,1.0
2024-01-21,105,185,158,7974,371,8159,-213,3.0,-71.0,-0.8626974483596617,2.348101265822785,8429.142857142857,-243.14285714285714,9391.714285714286,-224.92857142857142,3.2367745003642527,False,False,False,11097.0,2.8612468103654205,False,True,True,1.0
2024-01-22,136,246,123,8008,222,8254,-99,1.0,95.0,1.164358377252106,1.8048780487804879,8291.285714285714,-221.28571428571428,9196.0,-217.92857142857142,3.4093225114517076,False,False,False,11097.0,2.869978909635188,False,True,True,1.0
2024-01-23,128,228,177,8133,202,8361,-25,1.0,107.0,1.296341167918591,1.1412429378531073,8217.142857142857,-158.42857142857142,9012.357142857143,-204.78571428571428,3.575081136352799,False,False,False,11097.0,2.888081040768834,False,True,True,1.0
2024-01-24,90,196,205,8212,243,8408,-38,1.0,47.0,0.5621337160626627,1.1853658536585365,8263.142857142857,-135.28571428571428,8833.357142857143,-198.07142857142858,3.6817679250197823,False,True,False,11097.0,2.8943863231509472,False,True,True,1.0
2024-01-25,102,189,155,8180,293,8369,-138,1.0,-39.0,-0.4638439581351128,1.8903225806451613,8289.857142857143,-133.71428571428572,8666.142857142857,-194.07142857142858,3.7759769021242566,False,False,False,11097.0,2.909492118053138,False,True,True,1.0
2024-01-28,120,257,126,8004,307,8261,-181,3.0,-108.0,-1.2904767594694722,2.4365079365079363,8291.714285714286,-127.0,8557.07142857143,-190.5,2.8598211288685316,False,False,False,11097.0,2.9154441056278646,False,False,True,0.0
2024-01-29,137,272,166,8057,195,8329,-29,1.0,68.0,0.8231448977121358,1.1746987951807228,8305.857142857143,-103.28571428571429,8456.714285714286,-174.71428571428572,2.943982573650324,False,False,False,11097.0,2.9151082934018624,False,True,True,1.0
2024-01-30,93,198,208,8182,187,8380,21,1.0,51.0,0.6123184055708997,0.8990384615384616,8337.42857142857,-69.85714285714286,8383.285714285714,-156.5,2.8985991914687657,False,True,False,11097.0,2.9302170579780977,False,False,True,1.0
2024-01-31,203,477,258,8153,266,8630,-8,1.0,250.0,2.9832935560859086,1.0310077519379846,8391.142857142857,-56.857142857142854,8341.214285714286,-139.07142857142858,3.056714496556249,False,False,False,11097.0,2.9274639548436525,False,True,True,1.0
2024-02-01,222,459,289,8026,337,8485,-48,1.0,-145.0,-1.6801853997682525,1.166089965397924,8408.857142857143,-60.142857142857146,8313.0,-109.28571428571429,2.9178142745581845,False,False,False,11094.5,2.9446122219883257,False,False,True,0.0
2024-02-04,253,531,248,7813,342,8344,-94,3.0,-141.0,-1.6617560400707165,1.3790322580645162,8399.714285714286,-68.14285714285714,8331.42857142857,-101.71428571428571,1.3344173828314703,False,False,False,11092.0,2.9444023392089917,False,False,True,0.0
2024-02-05,157,466,345,7872,242,8338,103,1.0,-6.0,-0.07190795781399917,0.7014492753623188,8395.285714285714,-33.714285714285715,8342.57142857143,-83.71428571428571,1.306825281692142,False,False,False,11089.5,2.9441924564296578,False,False,True,1.0
2024-02-06,291,455,323,8045,178,8500,145,1.0,162.0,1.9429119692971897,0.5510835913312694,8429.42857142857,12.857142857142858,8360.57142857143,-57.07142857142857,1.3822201798352074,False,False,False,11087.0,2.943982573650324,False,False,True,2.0
2024-02-07,227,453,330,8160,222,8613,108,1.0,113.0,1.32941176470589,0.6727272727272727,8470.0,32.42857142857143,8387.92857142857,-35.42857142857143,1.4032788428485912,True,False,False,11084.5,2.94136574374111,False,False,True,2.0
2024-02-08,298,499,358,8188,315,8687,43,1.0,74.0,0.8591663764077495,0.8798882681564246,8513.857142857143,35.57142857142857,8425.642857142857,-17.142857142857142,1.3616455176920088,True,False,False,11082.0,2.9387489138318963,False,False,True,2.0
2024-02-11,205,515,226,8056,347,8571,-121,3.0,-116.0,-1.3353286520087493,1.5353982300884956,8505.42857142857,19.428571428571427,8448.285714285714,-18.714285714285715,1.4244874024717846,True,False,False,11079.5,2.9361320839226823,False,False,True,1.0
2024-02-12,213,430,440,8092,234,8522,206,1.0,-49.0,-0.5716952514292384,0.5318181818181819,8510.714285714286,55.714285714285715,8459.785714285714,-2.2142857142857144,1.4084208882445575,True,True,False,11077.0,2.933515254013468,False,False,True,2.0
2024-02-13,227,369,349,8348,160,8717,189,1.0,195.0,2.2881952593287957,0.4584527220630373,8564.0,96.14285714285714,8481.857142857143,14.0,1.517620457241248,True,False,False,11074.5,2.930898424104254,False,False,True,2.0
2024-02-14,185,322,272,8512,230,8834,42,1.0,117.0,1.3422048870024073,0.8455882352941176,8634.857142857143,87.42857142857143,8515.07142857143,26.857142857142858,1.5240839526052499,True,False,False,11072.0,2.9282815941950404,False,False,True,2.0
2024-02-15,333,508,272,8463,312,8971,-40,1.0,137.0,1.5508263527280963,1.1470588235294117,8702.142857142857,61.0,8565.785714285714,36.92857142857143,1.467760704964623,True,False,False,11071.3,2.9256647642858264,False,False,True,1.0
2024-02-19,249,420,371,8380,218,8800,153,4.0,-171.0,-1.9061420131535,0.5876010781671159,8728.857142857143,67.42857142857143,8599.42857142857,49.92857142857143,1.613469313908536,True,False,False,11070.6,2.923047934376613,False,False,True,2.0
2024-02-20,149,395,273,8488,192,8883,81,1.0,83.0,0.9431818181818263,0.7032967032967034,8756.857142857143,72.85714285714286,8635.357142857143,54.214285714285715,1.6133609526991715,True,False,False,11069.9,2.9204311044673985,False,False,True,2.0
2024-02-21,232,430,318,8573,231,9003,87,1.0,120.0,1.3508949679162496,0.7264150943396226,8818.57142857143,102.57142857142857,8662.0,61.0,1.4755359309054852,True,False,False,11069.2,2.9178142745581845,False,False,True,2.0
2024-02-22,165,400,292,8607,293,9007,-1,1.0,4.0,0.04442963456625648,1.0034246575342465,8887.857142857143,73.0,8699.285714285714,64.35714285714286,1.3594903636874438,True,False,False,11068.5,2.9176780013329533,False,False,True,1.0
2024-02-25,244,482,366,8404,329,8886,37,3.0,-121.0,-1.3433995781059194,0.8989071038251366,8912.0,51.285714285714285,8738.0,73.71428571428571,1.3280692824304356,True,False,False,11067.8,2.917541728107722,False,False,True,2.0
2024-02-26,199,438,326,8404,329,8842,-3,1.0,-44.0,-0.4951609273013746,1.00920245398773,8913.142857142857,44.857142857142854,8774.0,66.14285714285714,1.3404024068325875,True,False,False,11067.1,2.9174054548824904,False,False,True,1.0
2024-02-27,197,369,306,8650,206,9019,100,1.0,177.0,2.0018095453517404,0.673202614379085,8920.0,64.85714285714286,8811.07142857143,62.92857142857143,1.3494870667572072,True,False,False,11066.4,2.917269181657259,False,False,True,2.0
2024-02-28,209,447,274,8699,257,9146,17,1.0,127.0,1.4081383745426335,0.9379562043795621,8969.42857142857,45.42857142857143,8849.142857142857,56.42857142857143,1.3520914138299667,True,False,False,11065.7,2.917132908432028,False,False,True,2.0
2024-02-29,262,444,354,8724,299,9168,55,1.0,22.0,0.2405423135797058,0.844632768361582,9010.142857142857,41.714285714285715,8883.5,57.285714285714285,1.3424195261416447,True,False,False,11065.0,2.9169966352067966,False,False,True,2.0
2024-03-03,236,468,347,8594,354,9062,-7,3.0,-106.0,-1.1561954624781823,1.0201729106628241,9018.57142857143,28.285714285714285,8918.57142857143,65.42857142857143,1.3265599290788113,True,False,False,11063.7,2.9168603619815654,False,False,True,1.0
2024-03-04,225,509,340,8660,229,9169,111,1.0,107.0,1.1807548002648494,0.6735294117647059,9041.714285714286,44.285714285714285,8964.785714285714,58.642857142857146,1.3064821658976395,True,False,False,11062.4,2.9167240887563337,False,False,True,2.0
2024-03-05,246,472,345,8800,214,9272,131,1.0,103.0,1.12335041989311,0.6202898550724638,9096.857142857143,57.714285714285715,9004.42857142857,54.5,1.2274907241970001,True,False,False,11061.1,2.9165878155311025,False,False,True,2.0
2024-03-06,230,457,277,8870,232,9327,45,1.0,55.0,0.5931837791199213,0.8375451263537906,9166.142857142857,64.57142857142857,9039.642857142857,54.714285714285715,1.19930009142469,True,False,False,11059.8,2.9164515423058712,False,False,True,2.0
2024-03-07,181,424,328,8902,305,9326,23,1.0,-1.0,-0.010721561059290341,0.9298780487804879,9210.0,53.57142857142857,9065.0,59.214285714285715,1.1544892991719669,True,False,False,11058.5,2.916115730079869,False,False,True,2.0
2024-03-10,190,368,326,8714,373,9082,-47,3.0,-244.0,-2.6163414111087246,1.1441717791411044,9200.857142857143,44.42857142857143,9085.142857142857,44.92857142857143,1.2807151429778767,True,False,False,11057.2,2.915779917853867,False,False,True,1.0
2024-03-11,178,336,290,8757,253,9093,37,1.0,11.0,0.12111869632238648,0.8724137931034482,9190.142857142857,41.857142857142854,9100.142857142857,41.785714285714285,1.2631172260358239,True,False,False,11055.9,2.9154441056278646,False,False,True,2.0
2024-03-12,154,294,290,8843,213,9137,77,1.0,44.0,0.4838887055977015,0.7344827586206897,9200.857142857143,53.857142857142854,9109.714285714286,41.07142857142857,1.2222484957499327,True,False,False,11054.6,2.9151082934018624,False,False,True,2.0
2024-03-13,165,358,167,8819,239,9177,-72,1.0,40.0,0.43778045310276514,1.4311377245508983,9202.0,27.714285714285715,9121.857142857143,36.0,1.2236558310212513,True,False,False,11053.3,2.91477248117586,False,False,True,1.0
2024-03-14,166,301,252,8695,310,8996,-58,1.0,-181.0,-1.9723221096218824,1.2301587301587302,9162.57142857143,0.7142857142857143,9129.714285714286,29.214285714285715,1.2934669132957601,True,False,False,11052.0,2.914436668949858,False,False,True,1.0
2024-03-17,127,260,259,8373,342,8633,-83,3.0,-363.0,-4.035126722987991,1.3204633204633205,9063.42857142857,-17.571428571428573,9114.785714285714,23.5,1.6910878118655002,False,False,False,11051.1,2.9141008567238558,False,False,True,0.0
2024-03-18,123,243,188,8333,283,8576,-95,1.0,-57.0,-0.6602571527858259,1.5053191489361701,8956.285714285714,-34.42857142857143,9083.142857142857,9.571428571428571,1.5862927322217104,False,False,False,11050.2,2.9137650444978536,False,False,True,0.0
2024-03-19,99,202,256,8390,197,8592,59,1.0,16.0,0.1865671641791078,0.76953125,8886.285714285714,-19.285714285714285,9043.57142857143,12.571428571428571,1.5214317558684394,False,True,False,11049.3,2.9134292322718514,False,False,True,1.0
2024-03-20,91,181,174,8365,227,8546,-53,1.0,-46.0,-0.5353817504655467,1.3045977011494252,8808.142857142857,-32.142857142857146,8999.142857142857,4.857142857142857,1.516216664093621,False,False,False,11048.4,2.913093420045849,False,False,True,0.0
2024-03-21,132,261,141,8292,235,8553,-94,1.0,7.0,0.08190966534051825,1.6666666666666667,8724.714285714286,-56.57142857142857,8962.785714285714,-1.3571428571428572,1.5158802166345895,False,False,False,11047.5,2.9116439971881407,False,False,True,0.0
2024-03-24,124,264,221,7899,373,8163,-152,3.0,-390.0,-4.559803577692034,1.6877828054298643,8579.857142857143,-68.0,8890.92857142857,-20.142857142857142,1.783399389933455,False,False,False,11046.6,2.9101945743304327,False,False,True,0.0
2024-03-25,128,242,224,7899,229,8141,-5,1.0,-22.0,-0.26950875903466454,1.0223214285714286,8457.714285714286,-60.42857142857143,8810.142857142857,-29.857142857142858,1.7174610807532489,False,False,False,11045.7,2.9087451514727243,False,False,True,0.0
2024-03-26,187,276,200,7919,208,8195,-8,1.0,54.0,0.6633091757769272,1.04,8395.142857142857,-49.714285714285715,8729.285714285714,-33.642857142857146,1.7325812167239785,False,False,False,11044.8,2.907295728615016,False,False,True,0.0
2024-03-27,129,287,185,7893,215,8180,-30,1.0,-15.0,-0.18303843807199183,1.162162162162162,8338.57142857143,-40.42857142857143,8647.42857142857,-37.42857142857143,1.7429310512946157,False,False,False,11043.9,2.9058463057573074,False,False,True,0.0
2024-03-28,161,288,248,7762,360,8050,-112,1.0,-130.0,-1.58924205378973,1.4516129032258065,8261.142857142857,-64.85714285714286,8573.714285714286,-42.07142857142857,1.6821695736591795,False,False,False,11043.0,2.904396882899599,False,False,True,0.0
2024-03-31,105,254,151,7257,287,7511,-136,3.0,-539.0,-6.695652173913047,1.900662251655629,8113.285714285715,-76.71428571428571,8460.714285714286,-54.42857142857143,2.2187533416895033,False,False,False,11041.6,2.902947460041891,False,False,True,0.0
2024-04-01,109,235,171,7271,172,7506,-1,1.0,-5.0,-0.06656903208627218,1.0058479532163742,7963.714285714285,-63.42857142857143,8344.214285714286,-60.0,2.2171910509881974,False,False,False,11040.2,2.9014980371841825,False,False,True,0.0
2024-04-02,101,230,175,7340,132,7570,43,1.0,64.0,0.8526512123634422,0.7542857142857143,7879.0,-35.57142857142857,8229.42857142857,-51.785714285714285,2.2683537934496654,False,False,False,11038.8,2.900048614326474,False,False,True,1.0
2024-04-03,124,230,190,7346,163,7576,27,1.0,6.0,0.07926023778070945,0.8578947368421053,7798.285714285715,-31.0,8128.0,-45.714285714285715,2.316114707542156,False,False,False,11037.4,2.8985991914687657,False,False,True,1.0
2024-04-04,95,226,152,7317,225,7543,-73,1.0,-33.0,-0.4355860612460405,1.480263157894737,7705.142857142857,-40.285714285714285,8050.142857142857,-45.0,2.149363536942676,False,False,False,11036.0,2.8982479633301184,False,False,True,0.0
2024-04-07,106,239,233,6982,279,7221,-46,3.0,-322.0,-4.268858544345755,1.1974248927038627,7568.142857142857,-42.57142857142857,7953.357142857143,-41.5,2.3219472542275494,False,False,False,11034.6,2.897896735191471,False,False,True,0.0
2024-04-08,102,230,167,6988,199,7218,-32,1.0,-3.0,-0.041545492314087884,1.1916167664670658,7449.285714285715,-31.142857142857142,7855.214285714285,-48.0,2.3404596622722758,False,False,False,11033.2,2.8975455070528238,False,False,True,0.0
2024-04-09,118,231,217,7043,130,7274,87,1.0,56.0,0.775838182321964,0.5990783410138248,7415.428571428572,0.7142857142857143,7764.357142857143,-38.0,2.421920799904243,False,False,False,11031.8,2.8971942789141765,False,False,True,2.0
2024-04-10,117,244,142,6999,227,7243,-85,1.0,-31.0,-0.42617541930162206,1.5985915492957747,7377.857142857143,-11.285714285714286,7670.785714285715,-37.357142857142854,2.4351551549812482,False,False,False,11030.4,2.896843050775529,False,False,True,0.0
2024-04-11,183,221,220,6912,285,7133,-65,1.0,-110.0,-1.518707717796497,1.2954545454545454,7315.428571428572,-26.714285714285715,7597.214285714285,-31.142857142857142,2.1916358938848512,False,False,False,11029.0,2.8964918226368823,False,False,True,0.0
2024-04-14,128,245,243,6630,290,6875,-47,3.0,-258.0,-3.6169914481985144,1.1934156378600822,7215.285714285715,-37.285714285714285,7506.785714285715,-34.142857142857146,2.3007354710140056,False,False,False,11026.5,2.896140594498235,False,False,True,0.0
2024-04-15,144,303,176,6681,191,6984,-15,1.0,109.0,1.5854545454545566,1.0852272727272727,7135.428571428572,-29.0,7420.285714285715,-34.642857142857146,2.383004612366921,False,False,False,11024.0,2.8957893663595877,False,False,True,0.0
2024-04-16,219,392,205,6685,163,7077,42,1.0,93.0,1.3316151202749094,0.7951219512195122,7114.857142857143,-16.428571428571427,7341.5,-29.5,2.4852051115879297,False,False,False,11021.5,2.8954381382209404,False,False,True,1.0
2024-04-17,182,371,274,6725,227,7096,47,1.0,19.0,0.2684753426593245,0.8284671532846716,7097.428571428572,-5.142857142857143,7273.357142857143,-18.142857142857142,2.523956573175226,False,False,False,11019.0,2.895086910082293,False,False,True,1.0
2024-04-18,144,322,258,6728,260,7050,-2,1.0,-46.0,-0.6482525366403591,1.0077519379844961,7065.428571428572,-17.857142857142858,7240.428571428572,-8.571428571428571,1.7110583067853387,False,False,False,11016.5,2.8943863231509477,False,False,True,0.0
2024-04-21,208,380,343,6745,240,7125,103,3.0,75.0,1.0638297872340496,0.6997084548104956,7048.571428571428,9.0,7213.214285714285,-1.1428571428571428,1.7617544894770312,False,False,False,11014.0,2.8936857362196013,False,False,True,2.0
2024-04-22,176,424,251,6799,214,7223,37,1.0,98.0,1.3754385964912297,0.852589641434263,7061.428571428572,23.571428571428573,7188.428571428572,-1.5714285714285714,1.7982026187617999,True,False,False,11011.5,2.8929851492882555,False,False,True,2.0
2024-04-23,252,427,307,6967,134,7394,173,1.0,171.0,2.367437352900459,0.4364820846905538,7135.571428571428,55.0,7175.428571428572,8.857142857142858,1.9428692175651079,True,False,False,11009.0,2.8922845623569096,False,False,True,2.0
2024-04-24,253,411,307,7128,154,7539,153,1.0,145.0,1.9610494995942584,0.501628664495114,7214.857142857143,79.0,7175.142857142857,25.0,2.0268820170733286,True,False,False,11006.5,2.8915839754255637,False,False,True,2.0
2024-04-25,145,357,333,7209,217,7566,116,1.0,27.0,0.35813768404298063,0.6516516516516516,7284.714285714285,89.57142857142857,7199.785714285715,36.57142857142857,1.5576381949743758,True,False,False,11004.0,2.890883388494218,False,False,True,2.0
2024-04-28,158,349,365,7298,250,7647,115,3.0,81.0,1.0705789056304482,0.684931506849315,7363.428571428572,99.28571428571429,7230.428571428572,47.07142857142857,1.560060739298656,True,True,False,11003.0,2.890182801562872,False,False,True,2.0
2024-04-29,140,292,255,7373,187,7665,68,1.0,18.0,0.23538642604943316,0.7333333333333333,7451.285714285715,109.28571428571429,7258.357142857143,45.714285714285715,1.55130134326621,True,False,False,11002.0,2.889482214631526,False,False,True,2.0
2024-04-30,220,443,194,7431,135,7874,59,1.0,209.0,2.726679712981084,0.6958762886597938,7558.285714285715,103.0,7303.428571428572,56.0,1.655397350233306,True,False,False,11001.0,2.88878162770018,False,False,True,2.0
2024-05-01,197,437,295,7508,190,7945,105,1.0,71.0,0.9017018034036095,0.6440677966101694,7661.428571428572,112.71428571428571,7361.428571428572,68.14285714285714,1.5271895120236945,True,False,False,11000.0,2.888081040768834,False,False,True,2.0
2024-05-02,206,411,293,7577,194,7988,99,1.0,43.0,0.5412208936437901,0.6621160409556314,7746.285714285715,102.14285714285714,7440.928571428572,78.57142857142857,0.8992402524714388,True,False,False,10999.0,2.8860696928650964,False,False,True,2.0
2024-05-05,150,315,228,7447,332,7762,-104,3.0,-226.0,-2.829243865798703,1.456140350877193,7778.142857142857,65.42857142857143,7496.5,72.21428571428571,1.3973389089033972,True,False,False,10998.0,2.8840583449613577,False,False,True,1.0
2024-05-06,173,337,211,7449,205,7786,6,1.0,24.0,0.30919866013914277,0.9715639810426541,7809.571428571428,49.714285714285715,7547.142857142857,69.64285714285714,1.3843371367985184,True,False,False,10997.0,2.8820469970576186,False,False,True,2.0
2024-05-07,176,334,246,7566,163,7900,83,1.0,114.0,1.4641664526072518,0.6626016260162602,7845.714285714285,45.142857142857146,7604.571428571428,72.21428571428571,1.3852997199648895,True,False,False,10996.0,2.8800356491538808,False,False,True,2.0
2024-05-08,167,374,205,7583,202,7957,3,1.0,57.0,0.7215189873417627,0.9853658536585366,7887.428571428572,35.857142857142854,7669.357142857143,72.57142857142857,1.317938496526046,True,False,False,10995.0,2.878024301250142,False,False,True,2.0
2024-05-09,138,285,268,7570,244,7855,24,1.0,-102.0,-1.2818901596078902,0.9104477611940298,7884.714285714285,30.857142857142858,7721.5,66.92857142857143,1.429077360970289,True,False,False,10994.0,2.8760129533464043,False,False,True,2.0
2024-05-12,138,301,263,7464,245,7765,18,3.0,-90.0,-1.145767027371103,0.9315589353612167,7859.0,18.428571428571427,7760.214285714285,65.57142857142857,1.4902718903348304,True,False,False,10993.7,2.8740016054426656,False,False,True,2.0
2024-05-13,112,331,167,7499,157,7830,10,1.0,65.0,0.8370895041854398,0.9401197604790419,7836.428571428572,5.714285714285714,7791.357142857143,53.92857142857143,1.4071355826750254,True,False,False,10993.4,2.8719902575389264,False,False,True,2.0
2024-05-14,246,419,218,7546,186,7965,32,1.0,135.0,1.724137931034475,0.8532110091743119,7865.428571428572,25.142857142857142,7821.785714285715,45.285714285714285,1.3918302893482093,True,False,False,10993.1,2.8699789096351886,False,False,True,2.0
2024-05-15,115,285,341,7589,265,7874,76,1.0,-91.0,-1.1424984306340202,0.7771260997067448,7878.0,35.142857142857146,7843.785714285715,42.42857142857143,1.4484853594950151,True,True,False,10992.8,2.86796756173145,False,False,True,2.0
2024-05-16,206,340,214,7565,234,7905,-20,1.0,31.0,0.3937007874015741,1.0934579439252337,7878.714285714285,20.428571428571427,7862.214285714285,32.785714285714285,1.4295989718107418,True,False,False,10992.5,2.8671529184451585,False,False,True,1.0
2024-05-19,143,295,278,7356,298,7651,-20,3.0,-254.0,-3.2131562302340266,1.0719424460431655,7835.0,17.142857142857142,7861.214285714285,26.5,1.703614392138218,True,False,False,10992.2,2.866338275158866,False,False,True,1.0
2024-05-20,111,268,217,7368,192,7636,25,1.0,-15.0,-0.19605280355509125,0.8847926267281107,7803.714285714285,17.285714285714285,7844.214285714285,24.071428571428573,1.523558377498407,True,False,False,10991.9,2.8655236318725743,False,False,True,2.0
2024-05-21,196,348,176,7404,145,7752,31,1.0,116.0,1.5191199580932402,0.8238636363636364,7801.857142857143,19.142857142857142,7830.428571428572,18.785714285714285,1.5660013486837583,True,False,False,10991.6,2.864708988586283,False,False,True,2.0
2024-05-22,168,349,272,7474,208,7823,64,1.0,71.0,0.9158926728586092,0.7647058823529411,7800.857142857143,26.857142857142858,7818.642857142857,16.285714285714285,1.5839616682644895,True,False,False,10991.3,2.8638943452999905,False,False,True,2.0
2024-05-23,193,272,314,7494,227,7766,87,1.0,-57.0,-0.7286207337338646,0.7229299363057324,7772.428571428572,34.714285714285715,7818.928571428572,29.928571428571427,1.38975840683448,True,True,False,10991.0,2.863079702013699,False,False,True,2.0
2024-05-27,156,344,252,7365,167,7709,85,4.0,-57.0,-0.7339685809940821,0.6626984126984127,7748.857142857143,36.0,7813.428571428572,35.57142857142857,1.400894998889073,True,False,False,10989.300000000001,2.862265058727407,False,False,True,2.0
2024-05-28,153,348,239,7418,151,7766,88,1.0,57.0,0.7393955117395157,0.6317991631799164,7729.0,51.42857142857143,7803.857142857143,35.92857142857143,1.354015657257364,True,False,False,10987.6,2.8614504154411153,False,False,True,2.0
2024-05-29,182,462,158,7491,141,7953,17,1.0,187.0,2.4079320113314484,0.8924050632911392,7772.142857142857,56.714285714285715,7803.571428571428,36.92857142857143,1.5001214955352513,True,False,False,10985.9,2.8606357721548235,False,False,True,2.0
2024-05-30,167,406,339,7563,190,7969,149,1.0,16.0,0.20118194392053645,0.56047197640118,7819.714285714285,74.42857142857143,7811.714285714285,45.857142857142854,1.4512292968006402,True,False,False,10984.2,2.8598211288685316,False,False,True,2.0
2024-06-02,159,330,322,7546,306,7876,16,3.0,-93.0,-1.1670222110678918,0.9503105590062112,7837.428571428572,72.28571428571429,7819.642857142857,45.714285714285715,1.452346660351795,True,False,False,10982.5,2.85979567823407,False,False,True,2.0
2024-06-03,109,244,257,7596,224,7840,33,1.0,-36.0,-0.45708481462671813,0.8715953307392996,7839.857142857143,67.85714285714286,7820.357142857143,47.357142857142854,1.4432826269652896,True,True,False,10980.800000000001,2.8597702275996078,False,False,True,2.0
2024-06-04,260,356,176,7565,203,7921,-27,1.0,81.0,1.033163265306114,1.1534090909090908,7862.0,51.57142857142857,7817.214285714285,43.142857142857146,1.3914971046012459,True,False,False,10979.1,2.859744776965146,False,False,True,1.0
2024-06-05,173,345,291,7691,198,8036,93,1.0,115.0,1.4518368892816547,0.6804123711340206,7908.714285714285,52.714285714285715,7828.785714285715,44.357142857142854,1.4038531388340372,True,False,False,10977.4,2.859719326330684,False,False,True,2.0
2024-06-06,179,326,282,7741,238,8067,44,1.0,31.0,0.3857640617222602,0.8439716312056738,7951.714285714285,46.42857142857143,7840.357142857143,48.92857142857143,1.4017812196567847,True,False,False,10975.7,2.8596938756962222,False,False,True,2.0
2024-06-09,116,289,166,7451,312,7740,-146,3.0,-327.0,-4.0535515061361105,1.8795180722891567,7921.285714285715,23.142857142857142,7846.714285714285,39.92857142857143,1.5836799249399847,True,False,False,10974.0,2.8596684250617606,False,False,True,1.0
2024-06-10,184,334,229,7439,212,7773,17,1.0,33.0,0.426356589147292,0.925764192139738,7893.285714285715,4.285714285714286,7856.5,39.357142857142854,1.582058502451771,True,False,False,10973.6,2.8596429744272984,False,False,True,2.0
2024-06-11,186,352,224,7493,156,7845,68,1.0,72.0,0.9262832883056626,0.6964285714285714,7888.857142857143,11.714285714285714,7863.142857142857,42.0,1.5507292126553536,True,False,False,10973.2,2.8596175237928367,False,False,True,2.0
2024-06-12,152,266,274,7548,212,7814,62,1.0,-31.0,-0.39515615041427754,0.7737226277372263,7885.142857142857,15.857142857142858,7862.5,41.857142857142854,1.5368802831878194,True,True,False,10972.8,2.8595920731583746,False,False,True,2.0
2024-06-13,167,293,230,7544,259,7837,-29,1.0,23.0,0.2943434860506855,1.126086956521739,7873.142857142857,15.571428571428571,7867.571428571428,33.57142857142857,1.5234014449795072,True,False,False,10972.4,2.859566622523913,False,False,True,1.0
2024-06-16,204,315,233,7307,294,7622,-61,3.0,-215.0,-2.7433967079239507,1.261802575107296,7814.0,-6.428571428571429,7861.357142857143,23.142857142857142,1.6902938665256455,False,False,False,10972.0,2.858184989738235,False,False,True,0.0
2024-06-17,159,310,272,7318,224,7628,48,1.0,6.0,0.07871949619522312,0.8235294117647058,7751.285714285715,-5.857142857142857,7851.5,20.285714285714285,1.6774837283344368,False,False,False,10971.6,2.856803356952556,False,False,True,1.0
2024-06-18,160,297,253,7340,214,7637,39,1.0,9.0,0.11798636601991763,0.8458498023715415,7736.571428571428,20.571428571428573,7828.928571428572,21.857142857142858,1.5231232561859127,True,False,False,10971.2,2.855421724166877,False,False,True,2.0
2024-06-19,204,321,246,7433,198,7754,48,1.0,117.0,1.5320151892104228,0.8048780487804879,7733.857142857143,25.0,7813.571428571428,14.642857142857142,1.5957912948349053,True,False,False,10970.8,2.854040091381199,False,False,True,2.0
2024-06-20,145,247,243,7431,235,7678,8,1.0,-76.0,-0.9801392829507316,0.9670781893004116,7710.0,16.428571428571427,7799.428571428572,14.071428571428571,1.5892781962075684,True,False,False,10970.4,2.85265845859552,False,False,True,2.0
2024-06-23,102,227,201,7247,294,7474,-93,3.0,-204.0,-2.6569419119562343,1.462686567164179,7661.428571428572,-5.714285714285714,7773.285714285715,5.071428571428571,1.723356838188811,False,False,False,10970.0,2.851276825809842,False,False,True,0.0
2024-06-24,116,175,172,7239,202,7414,-30,1.0,-60.0,-0.8027829810008047,1.1744186046511629,7601.0,-5.857142857142857,7737.071428571428,4.857142857142857,1.6872449747256768,False,False,False,10969.4,2.8498951930241634,False,False,True,0.0
2024-06-25,172,263,191,7239,202,7502,-11,1.0,88.0,1.1869436201780381,1.057591623036649,7583.857142857143,1.2857142857142858,7698.928571428572,-2.5714285714285716,1.666699820453771,True,False,False,10968.8,2.848513560238484,False,False,True,1.0
2024-06-26,132,235,197,7268,187,7503,10,1.0,1.0,0.013329778725679198,0.949238578680203,7566.0,-4.142857142857143,7658.642857142857,-5.0,1.6624508578986374,False,False,False,10968.2,2.847131927452806,False,False,True,1.0
2024-06-27,174,208,256,7248,268,7456,-12,1.0,-47.0,-0.6264161002265789,1.046875,7540.142857142857,-11.428571428571429,7638.357142857143,4.571428571428571,1.2733376768625018,False,True,False,10967.6,2.8457502946671274,False,False,True,0.0
2024-06-30,123,230,167,6874,273,7104,-106,3.0,-352.0,-4.72103004291845,1.6347305389221556,7447.285714285715,-33.42857142857143,7590.571428571428,-4.214285714285714,1.7122080297500313,False,False,False,10967.0,2.844127493595224,False,False,True,0.0
2024-07-01,123,233,159,6825,229,7058,-70,1.0,-46.0,-0.6475225225225256,1.440251572327044,7358.714285714285,-44.57142857142857,7534.357142857143,-14.071428571428571,1.663639720142098,False,False,False,10966.4,2.84250469252332,False,False,True,0.0
2024-07-02,141,232,188,6823,184,7055,4,1.0,-3.0,-0.042504958911870894,0.9787234042553191,7298.857142857143,-30.714285714285715,7480.142857142857,-18.214285714285715,1.6844531036735444,False,False,False,10965.8,2.8408818914514162,False,False,True,1.0
2024-07-04,158,226,191,6790,225,7016,-34,2.0,-39.0,-0.5527994330262187,1.1780104712041886,7242.0,-31.285714285714285,7421.5,-18.571428571428573,1.6728813291888547,False,False,False,10965.2,2.839259090379513,False,False,True,0.0
2024-07-07,96,160,233,6599,213,6759,20,3.0,-257.0,-3.6630558722919093,0.9141630901287554,7135.857142857143,-26.857142857142858,7359.857142857143,-12.785714285714286,1.7479655077142848,False,True,False,10964.6,2.837636289307609,False,False,True,1.0
2024-07-08,141,173,129,6617,123,6790,6,1.0,31.0,0.458647728953987,0.9534883720930233,7034.0,-27.428571428571427,7300.0,-15.785714285714286,1.7784523194277504,False,False,False,10964.0,2.8360134882357055,False,False,True,1.0
2024-07-09,116,181,182,6651,130,6832,52,1.0,42.0,0.6185567010309256,0.7142857142857143,6944.857142857143,-18.285714285714285,7242.5,-14.857142857142858,1.8151554016363316,False,True,False,10960.800000000001,2.8343906871638014,False,False,True,1.0
2024-07-10,150,157,201,6649,177,6806,24,1.0,-26.0,-0.38056206088993294,0.8805970149253731,6902.285714285715,0.2857142857142857,7174.785714285715,-16.571428571428573,1.701545030022167,True,True,False,10957.6,2.8327678860918977,False,False,True,2.0
2024-07-11,80,176,125,6640,197,6816,-72,1.0,10.0,0.1469291801351691,1.576,6867.714285714285,0.0,7113.214285714285,-22.285714285714285,1.740211825337436,False,False,False,10954.4,2.8311450850199944,False,False,True,0.0
2024-07-14,116,188,164,6308,237,6496,-73,3.0,-320.0,-4.694835680751175,1.4451219512195121,6787.857142857143,-11.0,7043.357142857143,-20.857142857142858,1.948029431883052,False,False,False,10951.2,2.8295222839480902,False,False,True,0.0
2024-07-15,105,185,158,6283,171,6468,-13,1.0,-28.0,-0.4310344827586188,1.0822784810126582,6709.571428571428,-8.0,6975.785714285715,-19.642857142857142,1.9732449521539528,False,False,False,10948.0,2.829221693356518,False,False,True,0.0
2024-07-16,136,246,123,6239,173,6485,-50,1.0,17.0,0.26283240568953925,1.4065040650406504,6670.428571428572,-18.0,6903.142857142857,-22.428571428571427,1.9222475041897749,False,False,False,10944.800000000001,2.8289211027649452,False,False,True,0.0
2024-07-17,128,228,177,6228,187,6456,-10,1.0,-29.0,-0.44718581341557373,1.0564971751412429,6622.714285714285,-20.285714285714285,6828.357142857143,-23.857142857142858,1.9280320051105808,False,False,False,10941.6,2.828620512173373,False,False,True,0.0
2024-07-21,90,196,205,6058,262,6254,-57,4.0,-202.0,-3.1288723667905805,1.278048780487805,6540.142857142857,-35.857142857142854,6742.5,-27.071428571428573,2.011047891955227,False,True,False,10938.4,2.8283199215818007,False,False,True,0.0
2024-07-22,102,189,155,6002,234,6191,-79,1.0,-63.0,-1.0073552926127327,1.5096774193548388,6452.285714285715,-50.57142857142857,6677.285714285715,-25.142857142857142,1.6756320755324492,False,False,False,10935.2,2.8280193309902284,False,False,True,0.0
2024-07-23,120,257,126,5965,170,6222,-44,1.0,31.0,0.500726861573253,1.3492063492063493,6367.428571428572,-46.57142857142857,6617.571428571428,-23.285714285714285,1.7341643885839744,False,False,False,10932.0,2.8277187403986557,False,False,True,0.0
2024-07-24,137,272,166,5927,177,6199,-11,1.0,-23.0,-0.3696560591449738,1.0662650602409638,6325.0,-37.714285714285715,6556.428571428572,-24.357142857142858,1.7406118188634447,False,False,False,10930.2,2.8274181498070834,False,False,True,0.0
2024-07-25,93,198,208,5954,194,6152,14,1.0,-47.0,-0.7581868043232798,0.9326923076923077,6279.857142857143,-33.857142857142854,6494.714285714285,-20.928571428571427,1.7556207885954815,False,True,False,10928.4,2.827117559215511,False,False,True,1.0
2024-07-28,152,290,199,5743,207,6033,-8,3.0,-119.0,-1.934330299089726,1.0402010050251256,6215.285714285715,-27.857142857142858,6442.857142857143,-22.928571428571427,1.5687306875568536,False,False,False,10926.6,2.8268169686239384,False,False,True,0.0
2024-07-29,114,210,219,5819,163,6029,56,1.0,-4.0,-0.06630200563566557,0.7442922374429224,6154.285714285715,-18.428571428571427,6388.5,-19.357142857142858,1.5540574290554054,False,True,False,10924.800000000001,2.826516378032366,False,False,True,1.0
2024-07-30,125,203,208,5930,92,6133,116,1.0,104.0,1.724995853375355,0.4423076923076923,6137.0,6.285714285714286,6338.571428571428,-14.785714285714286,1.658430210519756,False,True,False,10923.0,2.825739429528023,False,False,True,2.0
2024-07-31,140,261,163,5963,154,6224,9,1.0,91.0,1.4837762921897868,0.9447852760736196,6141.714285714285,18.857142857142858,6297.0,-15.857142857142858,1.7725797875593272,True,False,False,10921.2,2.8249624810236793,False,False,True,2.0
2024-08-01,227,298,212,6016,169,6314,43,1.0,90.0,1.4460154241645151,0.7971698113207547,6154.857142857143,31.285714285714285,6261.142857142857,-7.642857142857143,1.8592081286975033,True,False,False,10919.4,2.8241855325193352,False,False,True,2.0
2024-08-04,63,167,143,5943,170,6110,-27,3.0,-204.0,-3.230915426037373,1.1888111888111887,6142.142857142857,29.0,6233.571428571428,-4.357142857142857,1.55873690070562,True,False,False,10917.6,2.823408584014992,False,False,True,1.0
2024-08-05,172,259,138,5950,150,6209,-12,1.0,99.0,1.6202945990180018,1.0869565217391304,6150.285714285715,25.285714285714285,6215.071428571428,-4.285714285714286,1.6553650578047236,True,False,False,10915.800000000001,2.8226316355106484,False,False,True,1.0
2024-08-06,163,283,200,5998,143,6281,57,1.0,72.0,1.1596070220647459,0.715,6185.714285714285,34.57142857142857,6200.5,3.357142857142857,1.699252798066461,True,False,False,10914.0,2.8218546870063053,False,False,True,2.0
2024-08-07,135,273,207,6038,174,6311,33,1.0,30.0,0.4776309504855858,0.8405797101449275,6226.0,31.285714285714285,6190.142857142857,6.428571428571429,1.7110935075536633,True,False,False,10912.0,2.8210777385019616,False,False,True,2.0
2024-08-08,119,230,213,6084,174,6314,39,1.0,3.0,0.04753604816987167,0.8169014084507042,6251.857142857143,20.285714285714285,6194.428571428572,13.285714285714286,1.4597658541910672,True,False,False,10910.0,2.8203007899976176,False,False,True,2.0
2024-08-11,95,211,140,5894,249,6105,-109,3.0,-209.0,-3.3101045296167197,1.7785714285714285,6234.857142857143,3.4285714285714284,6188.285714285715,11.142857142857142,1.7109643628306144,True,False,False,10908.0,2.8195238414932744,False,False,True,1.0
2024-08-12,109,219,155,5903,148,6122,7,1.0,17.0,0.27846027846027965,0.9548387096774194,6207.428571428572,-1.7142857142857142,6181.142857142857,14.785714285714286,1.7078917300850889,False,False,False,10906.0,2.8187468929889308,False,False,True,1.0
2024-08-13,162,239,189,5981,123,6220,66,1.0,98.0,1.6007840574975507,0.6507936507936508,6223.142857142857,11.571428571428571,6182.642857142857,20.285714285714285,1.7640413674421327,True,False,False,10904.0,2.8183622662546073,False,False,True,2.0
2024-08-14,109,226,191,5987,178,6213,13,1.0,-7.0,-0.11254019292604722,0.9319371727748691,6223.714285714285,15.142857142857142,6187.0,20.214285714285715,1.7490987420976256,True,False,False,10902.0,2.817977639520284,False,False,True,2.0
2024-08-15,124,241,156,5895,220,6136,-64,1.0,-77.0,-1.2393368742958266,1.4102564102564104,6203.0,-2.142857142857143,6194.357142857143,16.214285714285715,1.6962274235996389,False,False,False,10900.0,2.8175930127859603,False,False,True,0.0
2024-08-18,86,244,235,5821,178,6065,57,3.0,-71.0,-1.1571056062581464,0.7574468085106383,6167.857142857143,1.2857142857142858,6196.928571428572,16.285714285714285,1.728809165945951,True,False,False,10898.0,2.817208386051637,False,False,True,2.0
2024-08-19,176,254,162,5865,158,6119,4,1.0,54.0,0.8903544929925733,0.9753086419753086,6140.0,-3.7142857142857144,6195.928571428572,8.285714285714286,1.6831589291107596,False,False,False,10896.0,2.8168237593173133,False,False,True,1.0
2024-08-20,136,274,245,5995,112,6269,133,1.0,150.0,2.45138094459878,0.45714285714285713,6163.428571428572,30.857142857142858,6199.142857142857,17.142857142857142,1.7641116340903762,True,False,False,10894.0,2.81643913258299,False,False,True,2.0
2024-08-21,134,245,167,6028,156,6273,11,1.0,4.0,0.06380602966979954,0.9341317365269461,6185.0,31.428571428571427,6196.214285714285,14.857142857142858,1.7185913767061585,True,False,False,10893.4,2.8160545058486663,False,False,True,2.0
2024-08-22,182,307,205,6054,171,6361,34,1.0,88.0,1.4028375577873398,0.8341463414634146,6205.142857142857,26.857142857142858,6214.142857142857,19.214285714285715,1.4746354834127327,True,False,False,10892.8,2.815669879114343,False,False,True,2.0
2024-08-27,149,285,222,6152,97,6437,125,5.0,76.0,1.1947806948592987,0.4369369369369369,6237.142857142857,42.857142857142854,6230.428571428572,29.0,1.4488030310500788,True,False,False,10892.2,2.8152852523800194,False,False,True,2.0
2024-08-28,170,285,178,6227,134,6512,44,1.0,75.0,1.1651390399254336,0.7528089887640449,6290.857142857143,58.285714285714285,6246.928571428572,28.071428571428573,1.4473115086580006,True,False,False,10891.6,2.814900625645696,False,False,True,2.0
2024-08-29,145,295,188,6250,169,6545,19,1.0,33.0,0.5067567567567544,0.898936170212766,6359.428571428572,52.857142857142854,6263.642857142857,27.071428571428573,1.4440561636310896,True,False,False,10891.0,2.809422350602657,False,False,True,2.0
2024-09-02,133,270,198,6192,129,6462,69,4.0,-83.0,-1.268143621084794,0.6515151515151515,6408.428571428572,62.142857142857146,6274.214285714285,29.214285714285715,1.5028539012250175,True,False,False,10890.4,2.8039440755596154,False,False,True,2.0
2024-09-03,131,263,177,6272,112,6535,65,1.0,73.0,1.1296812132466805,0.632768361581921,6446.428571428572,52.42857142857143,6304.928571428572,41.642857142857146,1.126582977495334,True,False,False,10889.8,2.798465800516574,False,False,True,2.0
2024-09-04,121,231,219,6375,114,6606,105,1.0,71.0,1.0864575363427775,0.5205479452054794,6494.0,65.85714285714286,6339.5,48.642857142857146,1.1308674318396377,True,False,False,10889.2,2.7929875254735355,False,False,True,2.0
2024-09-05,126,230,175,6448,121,6678,54,1.0,72.0,1.089918256130784,0.6914285714285714,6539.285714285715,68.71428571428571,6372.214285714285,47.785714285714285,1.1023483923923594,True,False,False,10888.6,2.7875092504304937,False,False,True,2.0
2024-09-08,123,255,164,6312,221,6567,-57,3.0,-111.0,-1.6621743036837389,1.3475609756097562,6557.857142857143,42.714285714285715,6397.5,42.785714285714285,1.2448308690824412,True,False,False,10888.0,2.782030975387455,False,False,True,1.0
2024-09-09,144,275,190,6353,141,6628,49,1.0,61.0,0.928886858535094,0.7421052631578947,6574.428571428572,43.42857142857143,6432.642857142857,50.857142857142854,1.1561348870350867,True,False,False,10883.500000000002,2.7765527003444133,False,False,True,2.0
2024-09-10,131,251,180,6396,148,6647,32,1.0,19.0,0.28666264333132574,0.8222222222222222,6589.0,45.285714285714285,6474.214285714285,49.07142857142857,1.0521136700774407,True,False,False,10879.0,2.771074425301372,False,False,True,2.0
2024-09-11,93,248,175,6410,162,6658,13,1.0,11.0,0.16548819016097838,0.9257142857142857,6617.0,37.285714285714285,6512.714285714285,49.714285714285715,1.051497798701545,True,False,False,10874.5,2.7655961502583333,False,False,True,2.0
2024-09-12,184,280,210,6360,220,6640,-10,1.0,-18.0,-0.270351456893958,1.0476190476190477,6632.0,26.571428571428573,6539.214285714285,39.5,0.9456326355856922,True,False,False,10870.000000000002,2.7601178752152915,False,False,True,1.0
2024-09-13,81,200,212,6326,279,6526,-67,1.0,-114.0,-1.7168674698795128,1.3160377358490567,6620.571428571428,2.0,6557.285714285715,33.92857142857143,1.1025429668600792,True,True,False,10865.5,2.759834043571231,False,False,True,1.0
2024-09-15,98,220,167,6234,210,6454,-43,2.0,-72.0,-1.1032791909285966,1.2574850299401197,6588.571428571428,-11.857142857142858,6563.928571428572,28.428571428571427,1.112670212963765,False,False,False,10861.000000000002,2.7595502119271704,False,False,True,0.0
2024-09-16,113,209,160,6229,164,6438,-4,1.0,-16.0,-0.24790827393864623,1.025,6570.142857142857,-4.285714285714286,6564.0,19.214285714285715,1.0726070480826804,False,False,False,10856.5,2.75926638028311,False,False,True,0.0
2024-09-17,159,304,139,6227,160,6531,-21,1.0,93.0,1.4445479962721386,1.1510791366906474,6556.285714285715,-14.285714285714286,6565.357142857143,14.571428571428571,1.0970494875350156,False,False,False,10852.0,2.75898254863905,False,False,True,0.0
2024-09-18,116,213,217,6245,149,6458,68,1.0,-73.0,-1.1177461338233052,0.6866359447004609,6529.285714285715,-9.142857142857142,6559.142857142857,18.071428571428573,1.1280088298682178,False,True,False,10847.500000000002,2.7586987169949895,False,False,True,1.0
2024-09-19,93,196,169,6270,188,6466,-19,1.0,8.0,0.12387736141219463,1.1124260355029585,6501.857142857143,-13.714285714285714,6559.428571428572,11.785714285714286,1.076995558247204,False,False,False,10843.0,2.7584148853509287,False,False,True,0.0
2024-09-22,124,234,161,5989,197,6223,-36,3.0,-243.0,-3.7581193937519353,1.2236024844720497,6442.285714285715,-17.428571428571427,6537.142857142857,4.571428571428571,1.4176322978761575,False,False,False,10840.1,2.7581310537068684,False,False,True,0.0
2024-09-23,92,203,173,6002,165,6205,8,1.0,-18.0,-0.28924955809095376,0.953757225433526,6396.428571428572,-6.714285714285714,6508.5,-2.357142857142857,1.363614107275064,False,False,False,10837.2,2.757847222062808,False,False,True,1.0
2024-09-24,186,259,172,6023,143,6282,29,1.0,77.0,1.2409347300563978,0.8313953488372093,6371.857142857143,3.5714285714285716,6480.214285714285,-4.142857142857143,1.376434724984353,False,False,False,10834.3,2.7575633904187473,False,False,True,2.0
2024-09-25,154,225,220,6050,169,6275,51,1.0,-7.0,-0.11142948105699046,0.7681818181818182,6348.571428571428,11.428571428571429,6459.357142857143,3.5714285714285716,1.3322166126243231,True,False,False,10831.400000000001,2.757279558774687,False,False,True,2.0
2024-09-26,91,199,172,6090,185,6289,-13,1.0,14.0,0.223107569721126,1.0755813953488371,6314.0,12.571428571428571,6435.142857142857,-0.8571428571428571,1.2974415696727772,True,False,False,10828.5,2.756633350310219,False,False,True,1.0
2024-09-29,81,213,153,5925,177,6138,-24,3.0,-151.0,-2.401017649864845,1.1568627450980393,6268.285714285715,-0.5714285714285714,6398.785714285715,-4.857142857142857,1.3894848739930399,False,False,False,10825.6,2.755987141845751,False,False,True,0.0
2024-09-30,209,285,184,5967,138,6252,46,1.0,114.0,1.8572825024437911,0.75,6237.714285714285,8.714285714285714,6369.785714285715,-2.5,1.5231565077655096,True,False,False,10822.7,2.7553409333812824,False,False,True,2.0
2024-10-01,184,314,217,6040,137,6354,80,1.0,102.0,1.6314779270633295,0.631336405529954,6256.428571428572,25.285714285714285,6349.357142857143,3.9285714285714284,1.6249522771802551,True,False,False,10819.8,2.7546947249168143,False,False,True,2.0
2024-10-02,107,215,230,6091,173,6306,57,1.0,-48.0,-0.7554296506137814,0.7521739130434782,6270.857142857143,32.285714285714285,6333.642857142857,12.785714285714286,1.5793368576023188,True,True,False,10816.900000000001,2.754048516452346,False,False,True,2.0
2024-10-03,101,162,178,6118,193,6280,-15,1.0,-26.0,-0.4123057405645447,1.0842696629213484,6270.571428571428,26.0,6321.214285714285,14.785714285714286,1.5627734813498673,True,True,False,10814.0,2.753402307987878,False,False,True,1.0
2024-10-07,99,190,176,5968,153,6158,23,4.0,-122.0,-1.942675159235674,0.8693181818181818,6253.857142857143,22.0,6301.214285714285,16.714285714285715,1.6354172419728956,True,False,False,10806.300000000003,2.7527560995234097,False,False,True,2.0
2024-10-08,167,239,166,6013,123,6252,43,1.0,94.0,1.5264696329977179,0.7409638554216867,6248.571428571428,30.0,6281.285714285715,21.285714285714285,1.6419537467078258,True,False,False,10798.6,2.752109891058941,False,False,True,2.0
2024-10-09,115,216,169,6047,137,6263,32,1.0,11.0,0.175943698016634,0.8106508875739645,6266.428571428572,38.0,6267.357142857143,18.714285714285715,1.6314758754115952,True,False,False,10790.9,2.7514636825944736,False,False,True,2.0
2024-10-10,84,158,193,6075,159,6233,34,1.0,-30.0,-0.4790036723614888,0.8238341968911918,6263.714285714285,36.285714285714285,6250.714285714285,22.5,1.6338585334204547,True,True,False,10783.200000000003,2.750817474130005,False,False,True,2.0
2024-10-13,130,227,192,5889,210,6116,-18,3.0,-117.0,-1.8771057275790204,1.09375,6229.714285714285,22.285714285714285,6243.071428571428,23.785714285714285,1.3569079687772783,True,False,False,10775.5,2.750236021773826,False,False,True,1.0
2024-10-14,88,214,160,5935,106,6149,54,1.0,33.0,0.5395683453237377,0.6625,6207.285714285715,21.857142857142858,6239.071428571428,27.071428571428573,1.36763017783096,True,False,False,10767.800000000003,2.749654569417647,False,False,True,2.0
2024-10-15,113,208,159,6013,107,6221,52,1.0,72.0,1.170922101154659,0.6729559748427673,6198.857142857143,31.428571428571427,6234.714285714285,28.714285714285715,1.3628858383885016,True,False,False,10760.1,2.7490731170614673,False,False,True,2.0
2024-10-16,174,285,150,6036,129,6321,21,1.0,100.0,1.6074586079408482,0.86,6222.142857142857,31.142857142857142,6238.0,26.571428571428573,1.4333459683842689,True,False,False,10752.4,2.748491664705288,False,False,True,2.0
2024-10-17,104,230,206,6076,160,6306,46,1.0,-15.0,-0.23730422401518902,0.7766990291262136,6229.857142857143,31.571428571428573,6239.214285714285,30.785714285714285,1.4341662533505162,True,False,False,10744.700000000003,2.747910212349109,False,False,True,2.0
2024-10-20,147,276,214,5918,195,6194,19,3.0,-112.0,-1.776086267047261,0.9112149532710281,6220.0,29.714285714285715,6243.214285714285,33.857142857142854,1.3593239086431728,True,False,False,10737.0,2.74732875999293,False,False,True,2.0
2024-10-21,108,220,213,5966,154,6186,59,1.0,-8.0,-0.12915724895059544,0.7230046948356808,6213.285714285715,33.285714285714285,6238.5,34.785714285714285,1.2622329886867205,True,False,False,10736.8,2.746747307636751,False,False,True,2.0
2024-10-22,180,280,146,6043,109,6323,37,1.0,137.0,2.2146783058519137,0.7465753424657534,6242.857142857143,41.142857142857146,6236.285714285715,31.714285714285715,1.3283868350793084,True,False,False,10736.6,2.746165855280571,False,False,True,2.0
2024-10-23,134,294,186,6077,138,6371,48,1.0,48.0,0.7591333227898067,0.7419354838709677,6274.571428571428,40.285714285714285,6240.928571428572,31.071428571428573,1.3256630656056814,True,False,False,10736.4,2.745584402924392,False,False,True,2.0
2024-10-27,202,313,158,5974,192,6287,-34,4.0,-84.0,-1.318474336838804,1.2151898734177216,6284.0,28.0,6241.428571428572,29.714285714285715,1.3743992591196985,True,False,False,10736.2,2.745002950568213,False,False,True,1.0
2024-10-28,110,272,193,6008,156,6280,37,1.0,-7.0,-0.11134086209638738,0.8082901554404145,6278.142857142857,30.285714285714285,6250.142857142857,30.714285714285715,1.2532843608953237,True,False,False,10736.0,2.743250068591544,False,False,True,2.0
2024-10-29,166,277,229,6106,126,6383,103,1.0,103.0,1.6401273885350287,0.5502183406113537,6289.142857142857,38.42857142857143,6259.5,35.0,1.2639796723201058,True,False,False,10735.8,2.7414971866148745,False,False,True,2.0
2024-10-30,136,276,178,6149,160,6425,18,1.0,42.0,0.6579978066739711,0.898876404494382,6322.142857142857,38.285714285714285,6271.071428571428,34.0,1.2693309670236574,True,False,False,10735.6,2.739744304638205,False,False,True,2.0
2024-10-31,87,246,173,6148,177,6394,-4,1.0,-31.0,-0.4824902723735369,1.023121387283237,6351.857142857143,29.285714285714285,6282.571428571428,31.285714285714285,1.2676539198416636,True,False,False,10735.4,2.737991422661536,False,False,True,1.0
2024-11-03,84,171,157,5990,184,6161,-27,3.0,-233.0,-3.6440412887081663,1.1719745222929936,6328.714285714285,20.142857142857142,6285.785714285715,30.642857142857142,1.558513390059774,True,False,False,10735.2,2.736238540684867,False,False,True,1.0
2024-11-04,167,209,157,6007,132,6216,25,1.0,55.0,0.8927122220418804,0.8407643312101911,6306.571428571428,16.857142857142858,6290.571428571428,28.571428571428573,1.5682737128488797,True,False,False,10735.0,2.734485658708198,False,False,True,2.0
2024-11-05,109,245,159,6045,126,6290,33,1.0,74.0,1.1904761904761862,0.7924528301886793,6307.0,26.428571428571427,6295.5,27.214285714285715,1.5687330172179335,True,False,False,10734.7,2.7327327767315284,False,False,True,2.0
2024-11-06,156,256,176,6086,137,6342,39,1.0,52.0,0.8267090620031725,0.7784090909090909,6315.857142857143,26.714285714285715,6297.0,28.5,1.5245323118830927,True,False,False,10734.4,2.7309798947548587,False,False,True,2.0
2024-11-07,125,232,192,6084,177,6316,15,1.0,-26.0,-0.40996531062755803,0.921875,6306.285714285715,14.142857142857142,6297.714285714285,26.285714285714285,1.5273804868076484,True,False,False,10734.1,2.72922701277819,False,False,True,2.0
2024-11-11,118,139,168,5963,145,6102,23,4.0,-214.0,-3.3882203926535737,0.8630952380952381,6260.142857142857,14.857142857142858,6291.142857142857,26.571428571428573,1.7240730717313564,True,True,False,10733.8,2.7274741308015202,False,False,True,2.0
2024-11-12,142,235,139,5975,138,6210,1,1.0,108.0,1.7699115044247815,0.9928057553956835,6233.857142857143,15.571428571428571,6292.857142857143,22.428571428571427,1.7908331092260144,True,False,False,10733.5,2.727275603292471,False,False,True,2.0
2024-11-13,148,245,175,5966,151,6211,24,1.0,1.0,0.016103059581329404,0.8628571428571429,6241.0,22.857142857142858,6284.857142857143,21.5,1.6831839229782504,True,False,False,10733.2,2.7270770757834226,False,False,True,2.0
2024-11-14,119,219,210,6025,172,6244,38,1.0,33.0,0.5313154081468374,0.819047619047619,6245.0,24.714285714285715,6275.785714285715,20.785714285714285,1.6770727851618374,True,False,False,10732.9,2.7268785482743736,False,False,True,2.0
2024-11-17,105,210,149,5816,195,6026,-46,3.0,-218.0,-3.49135169762973,1.308724832214765,6207.285714285715,13.428571428571429,6257.142857142857,19.928571428571427,1.8845379105069404,True,False,False,10732.6,2.7266800207653246,False,False,True,1.0
2024-11-18,143,203,163,5819,138,6022,25,1.0,-4.0,-0.06637902422834685,0.8466257668711656,6161.571428571428,11.428571428571429,6238.714285714285,19.071428571428573,1.8905135313101227,True,False,False,10732.3,2.7264814932562755,False,False,True,2.0
2024-11-19,119,209,152,5844,146,6053,6,1.0,31.0,0.5147791431418192,0.9605263157894737,6124.0,10.142857142857142,6215.142857142857,12.142857142857142,1.8299876132014643,True,False,False,10732.0,2.726282965747227,False,False,True,2.0
2024-11-20,155,212,181,5879,148,6091,33,1.0,38.0,0.6277878737815934,0.8176795580110497,6122.428571428572,11.571428571428571,6191.285714285715,13.214285714285714,1.834253042625025,True,False,False,10730.800000000001,2.726084438238178,False,False,True,2.0
2024-11-21,109,214,173,5850,210,6064,-37,1.0,-27.0,-0.44327696601543787,1.2138728323699421,6101.571428571428,6.142857142857143,6167.714285714285,10.857142857142858,1.8410308779181996,True,False,False,10729.6,2.725885910729129,False,False,True,1.0
2024-11-24,191,283,192,5664,207,5947,-15,3.0,-117.0,-1.9294195250659674,1.078125,6063.857142857143,0.5714285714285714,6152.428571428572,11.714285714285714,1.6348667487263617,True,False,False,10728.4,2.7256873832200803,False,False,True,1.0
2024-11-25,170,297,196,5715,129,6012,67,1.0,65.0,1.0929880612073228,0.6581632653061225,6030.714285714285,4.714285714285714,6137.857142857143,14.714285714285714,1.648057467965345,True,False,False,10727.2,2.7254888557110313,False,False,True,2.0
2024-11-26,152,272,214,5826,112,6098,102,1.0,86.0,1.4304723885562254,0.5233644859813084,6041.0,25.857142857142858,6124.142857142857,19.642857142857142,1.6657168696884126,True,False,False,10726.0,2.725240813524021,False,False,True,2.0
2024-11-27,239,367,224,5862,211,6229,13,1.0,131.0,2.1482453263365064,0.9419642857142857,6070.571428571428,24.142857142857142,6116.071428571428,17.785714285714285,1.764831371558814,True,False,False,10724.800000000001,2.7249927713370106,False,False,True,2.0
2024-11-28,113,280,237,5963,143,6243,94,1.0,14.0,0.224755177396041,0.6033755274261603,6097.714285714285,36.714285714285715,6110.857142857143,23.428571428571427,1.7666371292736345,True,False,False,10723.6,2.7247447291499998,False,False,True,2.0
2024-12-01,196,306,187,5986,149,6292,38,3.0,49.0,0.7848790645522907,0.7967914438502673,6126.428571428572,37.42857142857143,6124.428571428572,24.5,1.4738268502326475,True,False,False,10722.4,2.7244966869629894,False,False,True,2.0
2024-12-02,236,330,222,6061,115,6391,107,1.0,99.0,1.573426573426584,0.5180180180180181,6173.142857142857,58.0,6137.357142857143,32.07142857142857,1.4594000570163186,True,False,False,10721.2,2.724248644775979,False,False,True,2.0
2024-12-03,81,230,242,6192,107,6422,135,1.0,31.0,0.48505711156312525,0.44214876033057854,6241.0,79.42857142857143,6152.428571428572,40.0,1.4566623056024048,True,True,False,10720.0,2.7240006025889687,False,False,True,2.0
2024-12-04,118,245,160,6269,115,6514,45,1.0,92.0,1.4325755216443525,0.71875,6312.714285714285,76.28571428571429,6171.714285714285,40.5,1.488833925072965,True,False,False,10719.0,2.7237525604019583,False,False,True,2.0
2024-12-05,218,283,208,6310,150,6593,58,1.0,79.0,1.2127724900214965,0.7211538461538461,6383.428571428572,70.0,6212.214285714285,47.92857142857143,1.0054904269914533,True,False,False,10718.0,2.7235045182149475,False,False,True,2.0
2024-12-08,132,243,183,6286,172,6529,11,3.0,-64.0,-0.9707265281359012,0.9398907103825137,6426.285714285715,69.71428571428571,6248.428571428572,46.92857142857143,1.081849041132351,True,False,False,10717.0,2.723256476027937,False,False,True,2.0
2024-12-09,224,315,152,6268,174,6583,-22,1.0,54.0,0.8270791851738402,1.144736842105263,6474.857142857143,53.142857142857146,6286.285714285715,44.92857142857143,1.0776065758191962,True,False,False,10716.0,2.723008433840927,False,False,True,1.0
2024-12-10,167,326,213,6310,149,6636,64,1.0,53.0,0.8051040559015732,0.6995305164319249,6524.0,56.857142857142854,6325.214285714285,47.142857142857146,1.0728866063557458,True,False,False,10715.0,2.722514551365088,False,False,True,2.0
2024-12-11,209,353,232,6402,152,6755,80,1.0,119.0,1.793248945147674,0.6551724137931034,6576.0,53.0,6374.571428571428,55.5,1.0693899901252006,True,False,False,10714.0,2.722020668889249,False,False,True,2.0
2024-12-12,153,253,286,6481,194,6734,92,1.0,-21.0,-0.31088082901554737,0.6783216783216783,6620.571428571428,46.857142857142854,6430.785714285715,63.142857142857146,0.8299109742356429,True,True,False,10713.0,2.7215267864134103,False,False,True,2.0
2024-12-15,180,337,219,6408,224,6745,-5,3.0,11.0,0.16335016335016217,1.0228310502283104,6653.571428571428,39.714285714285715,6483.142857142857,58.0,0.8425332075561272,True,False,False,10712.0,2.7210329039375716,False,False,True,1.0
2024-12-16,133,287,189,6454,149,6741,40,1.0,-4.0,-0.05930318754633346,0.7883597883597884,6674.714285714285,37.142857142857146,6529.071428571428,53.57142857142857,0.852266946105518,True,False,False,10711.0,2.7205390214617324,False,False,True,2.0
2024-12-17,187,310,247,6506,151,6816,96,1.0,75.0,1.1125945705384943,0.611336032388664,6715.714285714285,49.285714285714285,6571.0,59.5,0.7741141806005846,True,False,False,10710.0,2.7200451389858937,False,False,True,2.0
2024-12-18,168,285,210,6598,134,6883,76,1.0,67.0,0.9829812206572752,0.638095238095238,6758.571428571428,63.285714285714285,6616.714285714285,58.214285714285715,0.7647320477027288,True,False,False,10705.400000000001,2.7195512565100546,False,False,True,2.0
2024-12-19,269,412,204,6600,238,7012,-34,1.0,129.0,1.8741827691413526,1.1666666666666667,6812.285714285715,49.285714285714285,6668.142857142857,53.07142857142857,0.8292982018478581,True,False,False,10700.800000000001,2.719057374034216,False,False,True,1.0
2024-12-22,100,255,236,6595,268,6850,-32,3.0,-162.0,-2.310325156873927,1.1355932203389831,6825.857142857143,33.285714285714285,6700.928571428572,43.142857142857146,1.1572602868967967,True,False,False,10696.199999999999,2.718563491558377,False,False,True,1.0
2024-12-23,205,294,177,6548,231,6842,-54,1.0,-8.0,-0.11678832116788218,1.305084745762712,6841.285714285715,12.428571428571429,6730.928571428572,29.642857142857142,1.163479610637413,False,False,False,10691.6,2.718069609082538,False,False,True,1.0
2024-12-24,161,304,211,6622,155,6926,56,1.0,84.0,1.2277111955568465,0.7345971563981043,6867.142857142857,21.142857142857142,6760.357142857143,30.428571428571427,1.1516199903735216,True,False,False,10687.0,2.717722071440341,False,False,True,2.0
2024-12-25,57,162,193,6689,107,6851,86,1.0,-75.0,-1.082876118971987,0.5544041450777202,6882.857142857143,27.714285714285715,6778.785714285715,32.42857142857143,1.196699128644775,True,True,False,10682.400000000001,2.7173745337981434,False,False,True,2.0
2024-12-26,80,122,152,6707,135,6829,17,1.0,-22.0,-0.3211210042329604,0.8881578947368421,6884.714285714285,16.428571428571427,6800.214285714285,32.857142857142854,1.1554857110144228,True,True,False,10677.800000000001,2.717026996155946,False,False,True,2.0
2024-12-29,107,170,133,6465,216,6635,-83,3.0,-194.0,-2.8408258895885163,1.6240601503759398,6849.285714285715,-6.285714285714286,6803.928571428572,28.5,1.4192329016963703,False,False,False,10673.199999999999,2.716679458513749,False,False,True,0.0
2024-12-30,99,156,139,6454,177,6610,-38,1.0,-25.0,-0.37678975131876236,1.2733812949640289,6791.857142857143,-6.857142857142857,6802.071428571428,21.214285714285715,1.4076293243420075,False,False,False,10668.6,2.7163319208715513,False,False,True,0.0
2025-01-01,25,66,94,6405,144,6471,-50,2.0,-139.0,-2.1028744326777593,1.5319148936170213,6737.714285714285,-9.428571428571429,6781.785714285715,11.928571428571429,1.4085613677976494,False,True,False,10664.0,2.715984383229354,False,False,True,0.0
2025-01-02,35,70,53,6292,170,6362,-117,1.0,-109.0,-1.6844382630196275,3.207547169811321,6669.142857142857,-18.428571428571427,6755.214285714285,-3.0,1.4570583691423094,False,False,False,10663.6,2.7156368455871567,False,False,True,0.0
2025-01-05,43,73,64,5882,185,5955,-121,3.0,-407.0,-6.397359320968254,2.890625,6530.428571428572,-43.714285714285715,6698.785714285715,-11.285714285714286,2.0980250103760785,False,False,False,10663.2,2.715289307944959,False,False,True,0.0
2025-01-06,41,60,71,5769,190,5829,-119,1.0,-126.0,-2.1158690176322437,2.676056338028169,6384.428571428572,-73.0,6633.642857142857,-22.642857142857142,2.122865637689866,False,True,False,10662.8,2.714941770302762,False,False,True,0.0
2025-01-07,65,83,65,5703,133,5786,-68,1.0,-43.0,-0.7376908560645101,2.046153846153846,6235.428571428572,-85.14285714285714,6560.071428571428,-34.357142857142854,2.0611002090298283,False,False,False,10662.4,2.7145942326605645,False,False,True,0.0
2025-01-08,38,80,82,5605,184,5685,-102,1.0,-101.0,-1.7455928102315887,2.2439024390243905,6099.714285714285,-87.85714285714286,6474.5,-47.07142857142857,1.9938332522025588,False,True,False,10662.0,2.7129416633357977,False,False,True,0.0
2025-01-09,56,82,68,5507,164,5589,-96,1.0,-96.0,-1.6886543535620024,2.411764705882353,5953.857142857143,-96.14285714285714,6372.857142857143,-51.5,1.778968872263082,False,False,False,10661.6,2.7112890940110295,False,False,True,0.0
2025-01-12,74,103,80,5092,235,5195,-155,3.0,-394.0,-7.049561638933621,2.9375,5771.571428571428,-111.14285714285714,6254.642857142857,-60.285714285714285,2.195203283204547,False,False,False,10661.2,2.7096365246862617,False,False,True,0.0
2025-01-13,68,107,102,5019,181,5126,-79,1.0,-69.0,-1.3282001924927789,1.7745098039215685,5595.0,-105.71428571428571,6132.071428571428,-62.07142857142857,2.1929671536304465,False,False,False,10660.8,2.7079839553614944,False,False,True,0.0
2025-01-14,92,124,93,4957,139,5081,-46,1.0,-45.0,-0.877877487319545,1.4946236559139785,5470.142857142857,-95.0,6000.285714285715,-69.35714285714286,2.052836133238085,False,False,False,10660.4,2.7063313860367266,False,False,True,0.0
2025-01-15,113,162,107,4903,164,5065,-57,1.0,-16.0,-0.3148986419996058,1.5327102803738317,5361.0,-86.14285714285714,5872.714285714285,-79.57142857142857,2.149594182563592,False,False,False,10660.0,2.7046788167119598,False,False,True,0.0
2025-01-16,106,196,131,4881,159,5077,-28,1.0,12.0,0.23692003948667661,1.213740458015267,5259.714285714285,-80.42857142857143,5747.571428571428,-82.78571428571429,2.2397147876926002,False,False,False,10659.300000000001,2.7030262473871915,False,False,True,0.0
2025-01-19,86,152,168,4628,176,4780,-8,3.0,-297.0,-5.849911364979321,1.0476190476190477,5130.428571428572,-67.0,5615.071428571428,-77.42857142857143,2.417079238025426,False,True,False,10658.6,2.701373678062424,False,False,True,0.0
2025-01-20,84,118,136,4638,127,4756,9,1.0,-24.0,-0.5020920502092019,0.9338235294117647,5011.428571428572,-52.0,5482.642857142857,-74.07142857142857,2.4765775717716365,False,True,False,10657.9,2.6997211087376565,False,False,True,1.0
2025-01-21,59,64,117,4728,54,4792,63,1.0,36.0,0.7569386038688064,0.46153846153846156,4953.857142857143,-20.857142857142858,5362.714285714285,-66.0,2.6664494113806674,False,True,False,10657.2,2.6980685394128887,False,False,True,1.0
2025-01-22,62,97,52,4717,83,4814,-31,1.0,22.0,0.45909849749583564,1.5961538461538463,4909.285714285715,-14.0,5252.142857142857,-59.857142857142854,2.817211723983652,False,False,False,10656.5,2.6969178157076508,False,True,True,1.0
2025-01-23,91,75,97,4621,174,4696,-77,1.0,-118.0,-2.451184046530952,1.7938144329896908,4854.285714285715,-18.428571428571427,5162.214285714285,-56.714285714285715,2.3470316874852646,False,True,False,10655.800000000001,2.7112890940110295,False,False,True,0.0
2025-01-26,29,51,11,4241,182,4292,-171,3.0,-404.0,-8.603066439523,16.545454545454547,4743.857142857143,-34.714285714285715,5052.428571428572,-60.42857142857143,2.9184647168478093,False,False,False,10655.1,2.7096365246862617,False,True,True,1.0
2025-01-27,33,53,34,4161,127,4214,-93,1.0,-78.0,-1.817334575955265,3.735294117647059,4620.571428571428,-44.0,4940.142857142857,-62.214285714285715,2.9660624662365915,False,False,False,10654.4,2.716679458513749,False,True,True,1.0
2025-01-28,32,49,39,4096,101,4145,-62,1.0,-69.0,-1.6373991457047987,2.58974358974359,4529.857142857143,-51.714285714285715,4830.142857142857,-59.357142857142854,3.0426893884647557,False,False,False,10653.7,2.7205390214617324,False,True,True,1.0
2025-01-29,32,50,39,4036,99,4086,-60,1.0,-59.0,-1.423401688781667,2.5384615384615383,4434.142857142857,-61.57142857142857,4722.785714285715,-56.785714285714285,3.124613802053961,False,False,False,10653.0,2.7240006025889687,False,True,True,1.0
2025-01-30,47,42,47,3923,159,3965,-112,1.0,-121.0,-2.961331375428289,3.382978723404255,4316.0,-86.57142857142857,4634.928571428572,-53.714285714285715,2.6477967868092027,False,True,False,10652.4,2.726084438238178,False,False,True,0.0
2025-02-02,20,22,41,3483,168,3505,-127,3.0,-460.0,-11.601513240857509,4.097560975609756,4129.0,-100.28571428571429,4519.142857142857,-57.142857142857146,3.4880213376651485,False,True,False,10651.8,2.725885910729129,False,True,True,1.0
2025-02-03,23,45,11,3403,102,3448,-91,1.0,-57.0,-1.6262482168330927,9.272727272727273,3950.714285714286,-102.28571428571429,4402.5,-60.357142857142854,3.571750303403901,False,False,False,10651.2,2.72922701277819,False,True,True,1.0
2025-02-04,34,54,29,3359,74,3413,-45,1.0,-35.0,-1.0150812064965153,2.5517241379310347,3825.1428571428573,-84.28571428571429,4284.5,-59.5,3.65014673353033,False,False,False,10650.6,2.745002950568213,False,True,True,1.0
2025-02-05,26,36,36,3290,104,3326,-68,1.0,-87.0,-2.5490770583064704,2.888888888888889,3698.285714285714,-80.71428571428571,4159.428571428572,-62.357142857142854,3.660201357535647,False,False,False,10650.0,2.750236021773826,False,True,True,1.0
2025-02-06,25,32,27,3181,145,3213,-118,1.0,-113.0,-3.397474443776305,5.37037037037037,3565.1428571428573,-88.71428571428571,4047.5,-70.21428571428571,3.557190268991676,False,False,False,10649.4,2.755987141845751,False,True,True,1.0
2025-02-09,15,13,23,2878,99,2891,-76,3.0,-322.0,-10.02178649237473,4.304347826086956,3394.4285714285716,-91.0,3914.285714285714,-76.28571428571429,3.877948370907089,False,True,False,10648.8,2.75926638028311,False,True,True,1.0
2025-02-10,16,18,15,2834,63,2852,-48,1.0,-39.0,-1.3490141819439638,4.2,3235.4285714285716,-81.85714285714286,3775.714285714286,-84.21428571428571,3.882633640437383,False,False,False,10648.2,2.7929875254735355,False,True,True,1.0
2025-02-11,11,22,12,2799,50,2821,-38,1.0,-31.0,-1.0869565217391353,4.166666666666667,3137.714285714286,-69.14285714285714,3633.3571428571427,-84.71428571428571,3.9293101002808855,False,False,False,10647.6,2.816056174814674,False,True,True,1.0
2025-02-12,16,20,20,2752,66,2772,-46,1.0,-49.0,-1.7369727047146455,3.3,3041.1428571428573,-62.714285714285715,3495.9285714285716,-82.5,4.143312573895205,False,False,False,10647.0,2.8178257915857636,False,True,True,1.0
2025-02-13,15,10,23,2703,72,2713,-49,1.0,-59.0,-2.128427128427124,3.130434782608696,2941.1428571428573,-63.285714285714285,3383.1428571428573,-73.78571428571429,3.6601882661318252,False,True,False,10645.800000000001,2.8210777385019616,False,True,True,1.0
2025-02-17,8,17,14,2532,15,2549,-1,4.0,-164.0,-6.044968669369699,1.0714285714285714,2830.1428571428573,-53.714285714285715,3264.214285714286,-67.21428571428571,3.8019514556843683,False,False,False,10644.6,2.827117559215511,False,True,True,1.0
2025-02-18,18,19,11,2536,9,2555,2,1.0,6.0,0.23538642604943316,0.8181818181818182,2736.1428571428573,-36.57142857142857,3150.6428571428573,-62.642857142857146,4.062123383950078,False,False,False,10643.4,2.8311450850199944,False,True,True,2.0
2025-02-19,12,17,17,2528,19,2545,-2,1.0,-10.0,-0.3913894324853229,1.1176470588235294,2686.714285714286,-26.0,3040.5714285714284,-58.5,4.283414890861806,False,False,False,10642.2,2.8457502946671274,False,True,True,1.0
2025-02-20,13,25,15,2520,32,2545,-17,1.0,0.0,0.0,2.1333333333333333,2642.8571428571427,-21.571428571428573,2939.1428571428573,-51.714285714285715,4.539926473552879,False,False,False,10641.0,2.858184989738235,False,True,True,1.0
2025-02-23,7,16,8,2423,35,2439,-27,3.0,-106.0,-4.165029469548132,4.375,2588.285714285714,-20.0,2863.0,-44.57142857142857,2.9694623251998737,False,False,False,10639.800000000001,2.8597702275996078,False,True,True,1.0
2025-02-24,20,22,14,2413,24,2435,-10,1.0,-4.0,-0.16400164001639794,1.7142857142857142,2540.1428571428573,-14.857142857142858,2790.6428571428573,-38.785714285714285,3.1207313705617308,False,False,False,10638.6,2.8655236318725743,False,True,True,1.0
2025-02-25,11,7,7,2413,23,2420,-16,1.0,-15.0,-0.6160164271047264,3.2857142857142856,2498.285714285714,-10.142857142857142,2719.714285714286,-36.714285714285715,3.2322724338220366,False,False,False,10637.4,2.8800356491538808,False,True,True,1.0
2025-02-26,12,21,1,2411,23,2432,-22,1.0,12.0,0.49586776859504855,23.0,2481.5714285714284,-13.142857142857142,2655.8571428571427,-33.42857142857143,3.4060977328038398,False,False,False,10636.2,2.8915839754255637,False,True,True,1.0
2025-02-27,10,15,17,2391,37,2406,-20,1.0,-26.0,-1.0690789473684181,2.176470588235294,2460.285714285714,-16.285714285714285,2598.214285714286,-26.428571428571427,3.4566599447796404,False,True,False,10635.0,2.8964918226368823,False,True,True,1.0
2025-03-02,12,24,4,2297,31,2321,-27,3.0,-85.0,-3.5328345802161265,7.75,2428.285714285714,-19.857142857142858,2557.5,-22.928571428571427,1.9311529507356888,False,False,False,10630.100000000002,2.902947460041891,False,False,True,0.0
2025-03-03,8,29,18,2287,25,2316,-7,1.0,-5.0,-0.21542438604049696,1.3888888888888888,2395.5714285714284,-18.428571428571427,2519.214285714286,-20.0,1.996948292373757,False,False,False,10625.2,2.901498037184182,False,False,True,0.0
2025-03-04,4,25,10,2272,30,2297,-20,1.0,-19.0,-0.8203799654576849,3.0,2375.285714285714,-17.428571428571427,2481.785714285714,-18.714285714285715,2.0365484425340004,False,False,False,10620.3,2.9000486143264745,False,False,True,0.0
2025-03-05,5,20,4,2238,40,2258,-36,1.0,-39.0,-1.6978667827601268,10.0,2350.0,-21.142857142857142,2445.0714285714284,-18.0,2.0628112851637663,False,False,False,10615.400000000001,2.8985991914687657,False,False,True,0.0
2025-03-06,7,27,6,2218,33,2245,-27,1.0,-13.0,-0.5757307351638596,5.5,2325.0,-22.714285714285715,2411.6428571428573,-16.428571428571427,2.0887015851527866,False,False,False,10610.5,2.8982479633301184,False,False,True,0.0
2025-03-09,12,25,15,2137,30,2162,-15,3.0,-83.0,-3.697104677060137,2.0,2286.4285714285716,-21.714285714285715,2384.0,-17.428571428571427,1.5575939471481626,False,False,False,10605.600000000002,2.897896735191471,False,False,True,0.0
2025-03-10,6,28,8,2125,23,2153,-15,1.0,-9.0,-0.4162812210915856,2.875,2250.285714285714,-21.0,2355.285714285714,-18.642857142857142,1.540984266393026,False,False,False,10600.7,2.8975455070528238,False,False,True,0.0
2025-03-11,3,11,7,2116,20,2127,-13,1.0,-26.0,-1.207617278216444,2.857142857142857,2222.5714285714284,-19.0,2325.4285714285716,-19.428571428571427,1.5442245225862234,False,False,False,10595.8,2.897194278914177,False,False,True,0.0
2025-03-12,6,18,2,2113,8,2131,-6,1.0,4.0,0.18805829807240215,4.0,2196.1428571428573,-18.857142857142858,2295.8571428571427,-18.642857142857142,1.5759064424411549,False,False,False,10590.900000000001,2.896843050775529,False,False,True,0.0
2025-03-13,4,20,9,2116,6,2136,3,1.0,5.0,0.2346316283434957,0.6666666666666666,2173.1428571428573,-15.571428571428571,2274.214285714286,-16.5,1.307313970491858,False,False,False,10586.0,2.8964918226368823,False,False,True,1.0
2025-03-16,1,9,8,2117,5,2126,3,3.0,-10.0,-0.46816479400748623,0.625,2154.285714285714,-10.0,2252.1428571428573,-15.571428571428571,1.3098450140944986,False,False,False,10583.900000000001,2.896140594498235,False,False,True,1.0
2025-03-17,5,14,0,2111,8,2125,-8,1.0,-1.0,-0.04703668861711918,,2137.1428571428573,-7.285714285714286,2231.0714285714284,-15.0,1.3442390194952847,False,False,False,10581.800000000001,2.8957893663595877,False,False,True,0.0
2025-03-18,19,34,6,2109,8,2143,-2,1.0,18.0,0.8470588235294008,1.3333333333333333,2134.4285714285716,-5.428571428571429,2210.4285714285716,-13.571428571428571,1.3815313013025754,False,False,False,10579.699999999999,2.8954381382209404,False,False,True,0.0
2025-03-19,6,22,14,2119,9,2141,5,1.0,-2.0,-0.09332711152589823,0.6428571428571429,2132.714285714286,-2.5714285714285716,2191.5,-11.785714285714286,1.4093340730215855,False,False,False,10577.6,2.895086910082293,False,False,True,1.0
2025-03-20,9,20,11,2124,7,2144,4,1.0,3.0,0.14012143858010973,0.6363636363636364,2135.1428571428573,-0.14285714285714285,2178.8571428571427,-9.571428571428571,1.135909596253893,False,False,False,10575.5,2.8943863231509477,False,False,True,1.0
2025-03-23,15,29,9,2136,2,2165,7,3.0,21.0,0.9794776119403048,0.2222222222222222,2140.0,1.7142857142857142,2168.0714285714284,-8.571428571428571,1.2128159442947644,True,False,False,10573.400000000001,2.8936857362196013,False,False,True,2.0
2025-03-24,7,13,11,2139,7,2152,4,1.0,-13.0,-0.6004618937644368,0.6363636363636364,2142.285714285714,1.8571428571428572,2157.714285714286,-6.857142857142857,1.214213474673551,True,False,False,10571.300000000001,2.8929851492882555,False,False,True,2.0
2025-03-25,12,19,7,2145,6,2164,1,1.0,12.0,0.5576208178438735,0.8571428571428571,2147.714285714286,1.5714285714285714,2151.0,-4.214285714285714,1.1829404744758847,True,False,False,10569.199999999999,2.8922845623569096,False,False,True,2.0
2025-03-26,9,21,15,2159,2,2180,13,1.0,16.0,0.7393715341959428,0.13333333333333333,2155.5714285714284,4.571428571428571,2146.3571428571427,-1.3571428571428572,1.2144670011914767,True,False,False,10567.1,2.8915839754255637,False,False,True,2.0
2025-03-27,1,19,13,2159,2,2178,11,1.0,-2.0,-0.09174311926605228,0.15384615384615385,2160.5714285714284,6.428571428571429,2147.5,0.5,0.6101188571285022,True,False,False,10565.0,2.890883388494218,False,False,True,2.0
2025-03-30,9,20,5,2188,2,2208,3,3.0,30.0,1.377410468319562,0.4,2170.1428571428573,6.142857142857143,2151.4285714285716,1.7857142857142858,0.6885680086180402,True,False,False,10559.000000000002,2.890182801562872,False,False,True,2.0
2025-03-31,9,25,8,2193,5,2218,3,1.0,10.0,0.45289855072463414,0.625,2180.714285714286,6.0,2157.9285714285716,2.9285714285714284,0.5604532907574482,True,False,False,10553.0,2.889482214631526,False,False,True,2.0
2025-04-01,17,36,7,2191,12,2227,-5,1.0,9.0,0.4057709648331853,1.7142857142857142,2189.5714285714284,4.285714285714286,2164.785714285714,3.0,0.5584156161212827,True,False,False,10547.0,2.88878162770018,False,False,True,1.0
2025-04-02,5,31,16,2208,3,2239,13,1.0,12.0,0.5388414907947947,0.1875,2202.0,5.571428571428571,2172.1428571428573,3.7142857142857144,0.5593732232555721,True,False,False,10541.000000000002,2.888081040768834,False,False,True,2.0
2025-04-03,12,26,18,2223,8,2249,10,1.0,10.0,0.44662795891021734,0.4444444444444444,2214.1428571428573,6.857142857142857,2180.9285714285716,4.214285714285714,0.5081031785307761,True,False,False,10535.0,2.8860696928650964,False,False,True,2.0
2025-04-06,7,14,7,2234,11,2248,-4,3.0,-1.0,-0.04446420631392112,1.5714285714285714,2223.8571428571427,4.428571428571429,2189.714285714286,4.5,0.5060645338622192,True,False,False,10529.000000000002,2.8840583449613577,False,False,True,1.0
2025-04-07,12,22,9,2237,5,2259,4,1.0,11.0,0.48932384341637825,0.5555555555555556,2235.4285714285716,3.4285714285714284,2198.0,4.928571428571429,0.49079439667115665,True,False,False,10523.0,2.8820469970576186,False,False,True,2.0
2025-04-08,12,34,12,2243,9,2277,3,1.0,18.0,0.7968127490039834,0.75,2245.285714285714,3.4285714285714284,2207.714285714286,4.785714285714286,0.48213179041727966,True,False,False,10517.0,2.8800356491538808,False,False,True,2.0
2025-04-09,6,19,10,2251,5,2270,5,1.0,-7.0,-0.30742204655248573,0.5,2252.714285714286,3.7142857142857144,2216.714285714286,4.857142857142857,0.5158733162697335,True,False,False,10511.000000000002,2.878024301250142,False,False,True,2.0
2025-04-10,18,25,17,2265,6,2290,11,1.0,20.0,0.8810572687224738,0.35294117647058826,2261.714285714286,6.0,2225.6428571428573,5.142857142857143,0.5103053605595024,True,False,False,10505.0,2.8760129533464043,False,False,True,2.0
2025-04-11,8,22,8,2267,9,2289,-1,1.0,-1.0,-0.04366812227074579,1.125,2268.8571428571427,4.0,2235.4285714285716,4.785714285714286,0.44464194491936954,True,False,False,10502.6,2.8740016054426656,False,False,True,1.0
2025-04-13,5,26,10,2283,3,2309,7,2.0,20.0,0.8737439930100566,0.3,2277.4285714285716,3.5714285714285716,2245.785714285714,5.214285714285714,0.45864417525527923,True,False,False,10500.2,2.8719902575389264,False,False,True,2.0
2025-04-14,5,26,9,2282,13,2308,-4,1.0,-1.0,-0.04330879168471524,1.4444444444444444,2286.0,3.5714285714285716,2254.9285714285716,4.0,0.46928168650035856,True,False,False,10497.8,2.8699789096351886,False,False,True,1.0
2025-04-15,4,19,12,2286,7,2305,5,1.0,-3.0,-0.12998266897746857,0.5833333333333334,2292.5714285714284,3.7142857142857144,2264.0,3.5714285714285716,0.4711134474553661,True,False,False,10495.400000000001,2.86796756173145,False,False,True,2.0
2025-04-16,11,30,5,2291,8,2321,-3,1.0,16.0,0.694143167028205,1.6,2298.8571428571427,2.857142857142857,2272.0714285714284,3.142857142857143,0.40021756624292043,True,False,False,10493.0,2.8671529184451585,False,False,True,1.0
2025-04-17,7,26,10,2288,14,2314,-4,1.0,-7.0,-0.30159414045669575,1.4,2305.1428571428573,1.5714285714285714,2278.9285714285716,2.642857142857143,0.4350252705946111,False,False,False,10490.6,2.866338275158866,False,False,True,1.0
2025-04-20,4,15,6,2305,4,2320,2,3.0,6.0,0.2592912705272177,0.6666666666666666,2309.4285714285716,0.2857142857142857,2285.5714285714284,3.142857142857143,0.43299639133129797,False,False,False,10488.2,2.8655236318725743,False,False,True,2.0
2025-04-21,10,25,5,2308,6,2333,-1,1.0,13.0,0.5603448275862011,1.2,2315.714285714286,0.2857142857142857,2292.285714285714,2.142857142857143,0.43369757878011556,False,False,False,10485.8,2.864708988586283,False,False,True,1.0
2025-04-22,7,19,14,2305,17,2324,-3,1.0,-9.0,-0.385769395627944,1.2142857142857142,2317.8571428571427,-1.1428571428571428,2297.6428571428573,1.2142857142857142,0.4667641788542665,False,False,False,10483.400000000001,2.8638943452999905,False,False,True,0.0
2025-04-23,3,23,4,2300,11,2323,-7,1.0,-1.0,-0.0430292598967319,2.75,2320.0,-1.5714285714285714,2303.0,1.0,0.46567841142625127,False,False,False,10481.0,2.863079702013699,False,False,True,0.0
2025-04-24,3,9,7,2294,13,2303,-6,1.0,-20.0,-0.860955660783469,1.8571428571428572,2319.714285714286,-3.142857142857143,2306.1428571428573,0.2857142857142857,0.5428924002511527,False,False,False,10480.1,2.862265058727407,False,False,True,0.0
2025-04-27,9,40,12,2301,4,2341,8,3.0,38.0,1.6500217108119886,0.3333333333333333,2322.5714285714284,-1.5714285714285714,2310.714285714286,0.6428571428571429,0.6577952429952857,False,False,False,10479.2,2.8614504154411153,False,False,True,1.0
2025-04-28,6,26,12,2307,8,2333,4,1.0,-8.0,-0.34173430158052076,0.6666666666666666,2325.285714285714,-0.42857142857142855,2315.214285714286,0.5714285714285714,0.6591423351116718,False,False,False,10478.3,2.8606357721548235,False,False,True,1.0
2025-04-29,11,25,11,2304,15,2329,-4,1.0,-4.0,-0.17145306472353683,1.3636363636363635,2326.5714285714284,-1.2857142857142858,2318.0,-0.5,0.6352035334779245,False,False,False,10477.4,2.8598211288685316,False,False,True,0.0
2025-04-30,7,34,9,2309,12,2343,-3,1.0,14.0,0.6011163589523472,1.3333333333333333,2328.0,-1.5714285714285714,2321.8571428571427,-0.6428571428571429,0.6447870554856696,False,False,False,10476.5,2.85979567823407,False,False,True,0.0
2025-05-01,13,32,14,2306,16,2338,-2,1.0,-5.0,-0.21340162185232714,1.1428571428571428,2330.0,-1.4285714285714286,2323.9285714285716,-1.2857142857142858,0.6186337494456077,False,False,False,10475.6,2.8597702275996078,False,False,True,0.0
2025-05-04,9,31,10,2335,5,2366,5,3.0,28.0,1.1976047904191711,0.5,2336.1428571428573,0.2857142857142857,2328.0714285714284,-0.6428571428571429,0.6832995162690949,False,False,False,10474.7,2.859744776965146,False,False,True,2.0
2025-05-05,15,44,20,2331,17,2375,3,1.0,9.0,0.3803888419273038,0.85,2346.4285714285716,1.5714285714285714,2333.0714285714284,-0.7857142857142857,0.6779154894903505,True,False,False,10473.8,2.859719326330684,False,False,True,2.0
2025-05-06,10,33,16,2339,16,2372,0,1.0,-3.0,-0.1263157894736855,1.0,2350.8571428571427,0.42857142857142855,2336.714285714286,-0.5714285714285714,0.6681877550065325,False,False,False,10472.9,2.8596938756962222,False,False,True,1.0
2025-05-07,10,30,15,2335,10,2365,5,1.0,-7.0,-0.295109612141653,0.6666666666666666,2355.4285714285716,0.5714285714285714,2340.3571428571427,0.07142857142857142,0.6671476947133742,False,False,False,10472.0,2.8596684250617606,False,False,True,2.0
2025-05-08,15,24,16,2361,11,2385,5,1.0,20.0,0.8456659619450413,0.6875,2363.4285714285716,1.8571428571428572,2345.0,0.2857142857142857,0.691387595546272,True,False,False,10470.0,2.8596429744272984,False,False,True,2.0
2025-05-11,15,20,12,2385,3,2405,9,3.0,20.0,0.8385744234800763,0.25,2372.285714285714,3.5714285714285716,2350.1428571428573,1.0,0.7060870460281558,True,False,False,10468.000000000002,2.8596175237928367,False,False,True,2.0
2025-05-12,7,33,14,2392,7,2425,7,1.0,20.0,0.8316008316008316,0.5,2384.714285714286,4.857142857142857,2357.3571428571427,1.7142857142857142,0.7000458373814987,True,False,False,10466.0,2.8595920731583746,False,False,True,2.0
2025-05-13,18,29,12,2394,11,2423,1,1.0,-2.0,-0.08247422680411898,0.9166666666666666,2392.8571428571427,4.285714285714286,2364.5,2.2857142857142856,0.6996398521309705,True,False,False,10464.0,2.859566622523913,False,False,True,2.0
2025-05-14,7,30,14,2394,11,2424,3,1.0,1.0,0.04127115146512761,0.7857142857142857,2399.8571428571427,4.285714285714286,2373.1428571428573,2.9285714285714284,0.6214179654551134,True,False,False,10462.0,2.858184989738235,False,False,True,2.0
2025-05-15,15,31,14,2410,14,2441,0,1.0,17.0,0.7013201320132056,1.0,2409.714285714286,4.285714285714286,2380.285714285714,2.357142857142857,0.5215754374789833,True,False,False,10460.0,2.856803356952556,False,False,True,1.0
2025-05-18,13,28,14,2437,9,2465,5,3.0,24.0,0.9832036050798854,0.6428571428571429,2424.0,4.285714285714286,2389.714285714286,2.4285714285714284,0.5171416035029126,True,False,False,10458.000000000002,2.855421724166877,False,False,True,2.0
2025-05-19,7,27,17,2457,6,2484,11,1.0,19.0,0.7707910750507141,0.35294117647058826,2438.1428571428573,5.142857142857143,2400.785714285714,3.5,0.498088227238482,True,False,False,10456.0,2.854040091381199,False,False,True,2.0
2025-05-21,14,62,13,2467,18,2529,-5,2.0,45.0,1.8115942028985588,1.3846153846153846,2455.8571428571427,3.142857142857143,2414.0714285714284,3.357142857142857,0.6221909108036706,True,False,False,10454.0,2.85265845859552,False,False,True,1.0
2025-05-22,18,36,17,2473,15,2509,2,1.0,-20.0,-0.7908264136022192,0.8823529411764706,2467.8571428571427,2.4285714285714284,2426.285714285714,3.642857142857143,0.6944173797177805,True,False,False,10452.0,2.851276825809842,False,False,True,2.0
2025-05-27,6,24,7,2504,11,2528,-4,5.0,19.0,0.757273814268622,1.5714285714285714,2482.8571428571427,1.7142857142857142,2437.8571428571427,3.0,0.6712724381903301,True,False,False,10448.8,2.8498951930241634,False,False,True,1.0
2025-05-28,12,39,12,2499,14,2538,-2,1.0,10.0,0.39556962025315556,1.1666666666666667,2499.1428571428573,1.0,2449.5,2.642857142857143,0.6676772946421453,False,False,False,10445.600000000002,2.848513560238484,False,False,True,1.0
2025-05-29,13,38,15,2506,11,2544,4,1.0,6.0,0.23640661938533203,0.7333333333333333,2513.8571428571427,1.5714285714285714,2461.785714285714,2.9285714285714284,0.6461012503215117,True,False,False,10442.400000000001,2.847131927452806,False,False,True,2.0
2025-06-01,8,24,16,2528,12,2552,4,3.0,8.0,0.3144654088050425,0.75,2526.285714285714,1.4285714285714286,2475.1428571428573,2.857142857142857,0.6054259635393009,True,False,False,10439.2,2.8457502946671274,False,False,True,2.0
2025-06-02,10,19,5,2518,16,2537,-11,1.0,-15.0,-0.5877742946708508,3.2,2533.8571428571427,-1.7142857142857142,2486.0,1.7142857142857142,0.668618040671092,False,False,False,10436.0,2.844127493595223,False,False,True,0.0
2025-06-03,5,23,11,2519,15,2542,-4,1.0,5.0,0.19708316909736734,1.3636363636363635,2535.714285714286,-1.5714285714285714,2495.785714285714,0.7857142857142857,0.659909190361334,False,False,False,10432.8,2.842504692523321,False,False,True,0.0
2025-06-04,4,16,9,2516,16,2532,-7,1.0,-10.0,-0.3933910306844979,1.7777777777777777,2539.0,-2.857142857142857,2503.4285714285716,-0.21428571428571427,0.6783647163052976,False,False,False,10429.600000000002,2.840881891451417,False,False,True,0.0
2025-06-05,8,26,5,2503,21,2529,-16,1.0,-3.0,-0.11848341232227888,4.2,2539.1428571428573,-4.571428571428571,2511.0,-1.4285714285714286,0.6781400128685893,False,False,False,10426.400000000001,2.839259090379513,False,False,True,0.0
2025-06-08,10,16,15,2507,13,2523,2,3.0,-6.0,-0.23724792408066353,0.8666666666666667,2537.0,-4.0,2518.0714285714284,-1.5,0.68845889297557,False,False,False,10423.2,2.837636289307609,False,False,True,1.0
2025-06-09,8,21,14,2516,9,2537,5,1.0,14.0,0.5548949663099378,0.6428571428571429,2536.0,-3.857142857142857,2524.9285714285716,-1.1428571428571428,0.682074242542555,False,False,False,10420.0,2.8360134882357046,False,False,True,1.0
2025-06-10,17,28,7,2511,12,2539,-5,1.0,2.0,0.07883326763893361,1.7142857142857142,2534.1428571428573,-5.142857142857143,2530.214285714286,-1.8571428571428572,0.6531871321562026,False,False,False,10410.599999999999,2.8343906871638023,False,False,True,0.0
2025-06-17,7,24,10,2523,14,2547,-4,7.0,8.0,0.3150846790074935,1.4,2535.5714285714284,-4.142857142857143,2534.714285714286,-2.9285714285714284,0.6344039364675029,False,False,False,10401.200000000006,2.8327678860918986,False,False,True,0.0
2025-06-19,8,19,7,2501,18,2520,-11,2.0,-27.0,-1.0600706713780883,2.5714285714285716,2532.4285714285716,-5.142857142857143,2534.0714285714284,-3.357142857142857,0.5298042950683177,False,False,False,10391.800000000005,2.8311450850199944,False,False,True,0.0
2025-06-22,7,13,5,2508,7,2521,-2,3.0,1.0,0.03968253968253954,1.4,2530.8571428571427,-4.428571428571429,2534.9285714285716,-3.642857142857143,0.4818717647734765,False,False,False,10382.400000000001,2.8295222839480902,False,False,True,0.0
2025-06-23,3,15,5,2495,17,2510,-12,1.0,-11.0,-0.4363347877826218,3.4,2528.1428571428573,-3.857142857142857,2533.6428571428573,-4.214285714285714,0.4495956280922434,False,False,False,10373.0,2.829221693356518,False,False,True,0.0
2025-06-24,5,20,5,2489,16,2509,-11,1.0,-1.0,-0.03984063745019473,3.2,2526.1428571428573,-5.714285714285714,2531.5714285714284,-4.857142857142857,0.43145353997744684,False,False,False,10363.599999999999,2.8289211027649457,False,False,True,0.0
2025-06-25,6,12,2,2470,24,2482,-22,1.0,-27.0,-1.0761259465922657,12.0,2518.285714285714,-9.571428571428571,2527.1428571428573,-6.714285714285714,0.4944079165191988,False,False,False,10354.200000000006,2.828620512173373,False,False,True,0.0
2025-06-26,3,9,7,2447,35,2456,-28,1.0,-26.0,-1.0475423045930743,5.0,2506.4285714285716,-12.857142857142858,2520.285714285714,-9.0,0.5228932512452051,False,False,False,10344.800000000005,2.8283199215818007,False,False,True,0.0
2025-06-29,5,17,7,2413,20,2430,-13,3.0,-26.0,-1.0586319218241047,2.857142857142857,2489.714285714286,-14.142857142857142,2512.6428571428573,-9.142857142857142,0.5573150005224164,False,False,False,10335.400000000001,2.8280193309902284,False,False,True,0.0
2025-06-30,9,22,8,2407,16,2429,-8,1.0,-1.0,-0.04115226337448874,2.0,2476.714285714286,-13.714285714285714,2504.5714285714284,-9.428571428571429,0.5459853639904129,False,False,False,10326.0,2.8277187403986557,False,False,True,0.0
2025-07-01,7,14,6,2391,22,2405,-16,1.0,-24.0,-0.9880609304240395,3.6666666666666665,2460.1428571428573,-15.714285714285714,2495.5,-10.071428571428571,0.5739531472903342,False,False,False,10324.3,2.8274181498070834,False,False,True,0.0
2025-07-02,8,20,9,2373,38,2393,-29,1.0,-12.0,-0.498960498960499,4.222222222222222,2443.4285714285716,-18.142857142857142,2485.785714285714,-11.0,0.5725036813292864,False,False,False,10322.6,2.827117559215511,False,False,True,0.0
2025-07-06,4,17,2,2332,8,2349,-6,4.0,-44.0,-1.8386961972419513,4.0,2420.5714285714284,-17.428571428571427,2473.3571428571427,-11.571428571428571,0.6813005306930097,False,False,False,10320.900000000001,2.8268169686239384,False,False,True,0.0
2025-07-07,3,18,8,2317,20,2335,-12,1.0,-14.0,-0.5959982971477262,2.5,2399.5714285714284,-16.0,2458.9285714285716,-12.785714285714286,0.6115245070395207,False,False,False,10319.2,2.826516378032366,False,False,True,0.0
2025-07-08,5,16,8,2306,20,2322,-12,1.0,-13.0,-0.5567451820128522,2.5,2380.4285714285716,-13.714285714285714,2443.4285714285716,-13.285714285714286,0.5849272157449085,False,False,False,10317.5,2.8257394295280225,False,False,True,0.0
2025-07-09,2,18,0,2281,32,2299,-32,1.0,-23.0,-0.9905254091300608,,2361.714285714286,-16.428571428571427,2425.714285714286,-15.285714285714286,0.5228183935889088,False,False,False,10315.8,2.8249624810236798,False,False,True,0.0
2025-07-10,2,12,3,2252,39,2264,-36,1.0,-35.0,-1.5224010439321423,13.0,2338.1428571428573,-20.428571428571427,2407.4285714285716,-17.071428571428573,0.5523710454246913,False,False,False,10314.1,2.8241855325193357,False,False,True,0.0
2025-07-13,1,13,4,2204,10,2217,-6,3.0,-47.0,-2.075971731448767,2.5,2311.285714285714,-19.0,2385.714285714286,-17.357142857142858,0.5912839841548408,False,False,False,10312.400000000001,2.823408584014992,False,False,True,0.0
2025-07-14,2,9,1,2181,26,2190,-25,1.0,-27.0,-1.2178619756427644,26.0,2282.285714285714,-18.428571428571427,2362.8571428571427,-18.285714285714285,0.584745312401183,False,False,False,10310.7,2.8226316355106484,False,False,True,0.0
2025-07-15,0,8,5,2171,17,2179,-12,1.0,-11.0,-0.5022831050228271,3.4,2258.0,-19.285714285714285,2339.285714285714,-18.357142857142858,0.5481391984595452,False,False,False,10309.0,2.821854687006305,False,False,True,0.0
2025-07-16,1,9,0,2164,11,2173,-11,1.0,-6.0,-0.275355667737498,,2234.8571428571427,-19.142857142857142,2317.214285714286,-17.571428571428573,0.5867222488492354,False,False,False,10307.5,2.821077738501962,False,False,True,0.0
2025-07-17,3,16,2,2153,17,2169,-15,1.0,-4.0,-0.18407731247124248,8.5,2213.0,-19.571428571428573,2296.714285714286,-16.642857142857142,0.625098177624627,False,False,False,10306.000000000002,2.820300789997618,False,False,True,0.0
2025-07-21,4,18,7,2121,16,2139,-9,4.0,-30.0,-1.3831258644536604,2.2857142857142856,2190.1428571428573,-16.285714285714285,2275.9285714285716,-16.357142857142858,0.637697538402864,False,False,False,10304.5,2.8195238414932744,False,False,True,0.0
2025-07-22,5,13,3,2117,16,2130,-13,1.0,-9.0,-0.42075736325385416,5.333333333333333,2171.0,-13.0,2254.5714285714284,-16.714285714285715,0.6127685415674872,False,False,False,10303.0,2.8187468929889308,False,False,True,0.0
2025-07-23,6,21,5,2111,14,2132,-9,1.0,2.0,0.09389671361501595,2.8,2158.8571428571427,-13.428571428571429,2235.0714285714284,-16.214285714285715,0.6764329962658429,False,False,False,10301.5,2.818593376088403,False,False,True,0.0
2025-07-24,6,18,7,2096,29,2114,-22,1.0,-18.0,-0.8442776735459678,4.142857142857143,2148.0,-13.0,2215.1428571428573,-15.714285714285714,0.6759904223755627,False,False,False,10300.0,2.818439859187875,False,False,True,0.0
2025-07-27,1,12,2,2088,4,2100,-2,3.0,-14.0,-0.6622516556291425,2.0,2136.714285714286,-11.571428571428571,2197.3571428571427,-15.428571428571429,0.6061651355714904,False,False,False,10298.500000000002,2.8182863422873474,False,False,True,0.0
2025-07-28,2,9,3,2080,14,2089,-11,1.0,-11.0,-0.5238095238095264,4.666666666666667,2124.714285714286,-11.571428571428571,2179.785714285714,-15.357142857142858,0.6151537785643516,False,False,False,10297.0,2.818132825386819,False,False,True,0.0
2025-07-29,2,8,3,2072,12,2080,-9,1.0,-9.0,-0.43082814743896636,4.0,2112.0,-10.714285714285714,2162.5,-15.142857142857142,0.6268552929549748,False,False,False,10295.5,2.8179793084862914,False,False,True,0.0
2025-07-30,4,15,4,2063,16,2078,-12,1.0,-2.0,-0.09615384615384581,4.0,2103.285714285714,-11.142857142857142,2146.714285714286,-13.714285714285714,0.6534835551434306,False,False,False,10294.0,2.8178257915857636,False,False,True,0.0
2025-07-31,2,9,6,2058,15,2067,-9,1.0,-11.0,-0.5293551491819093,2.5,2094.285714285714,-10.571428571428571,2132.6428571428573,-11.785714285714286,0.6059446545159333,False,False,False,10292.9,2.817672274685236,False,False,True,0.0
2025-08-03,5,26,3,2049,5,2075,-2,3.0,8.0,0.38703434929849845,1.6666666666666667,2086.1428571428573,-9.571428571428571,2122.5,-11.5,0.48148728042562267,False,False,False,10291.800000000001,2.817518757784708,False,False,True,0.0
2025-08-04,5,22,11,2040,14,2062,-3,1.0,-13.0,-0.6265060240963849,1.2727272727272727,2078.714285714286,-6.857142857142857,2113.3571428571427,-9.928571428571429,0.42882782227943445,False,False,False,10290.7,2.81736524088418,False,False,True,0.0
2025-08-05,2,21,10,2042,14,2063,-4,1.0,1.0,0.04849660523762456,1.4,2073.4285714285716,-7.142857142857143,2105.0714285714284,-9.357142857142858,0.44812724972776946,False,False,False,10289.6,2.817211723983652,False,False,True,0.0
2025-08-06,4,17,3,2036,13,2053,-10,1.0,-10.0,-0.4847309743092554,4.333333333333333,2068.285714285714,-7.0,2096.5,-9.285714285714286,0.44929212821234954,False,False,False,10288.5,2.8169806141498563,False,False,True,0.0
2025-08-07,4,18,6,2031,17,2049,-11,1.0,-4.0,-0.1948368241597609,2.8333333333333335,2063.8571428571427,-7.285714285714286,2087.9285714285716,-9.0,0.4511365760720013,False,False,False,10287.4,2.816749504316061,False,False,True,0.0
2025-08-10,0,18,8,2006,12,2024,-4,3.0,-25.0,-1.2201073694485087,1.5,2056.1428571428573,-6.142857142857143,2079.714285714286,-8.642857142857142,0.4137069205224137,False,False,False,10286.300000000001,2.8165183944822654,False,False,True,0.0
2025-08-11,6,23,4,1999,16,2022,-12,1.0,-2.0,-0.09881422924901129,4.0,2049.714285714286,-6.571428571428571,2072.0,-8.571428571428571,0.4226248555375132,False,False,False,10285.2,2.8162872846484697,False,False,True,0.0
2025-08-12,8,38,9,1999,9,2037,0,1.0,15.0,0.7418397626112849,1.0,2044.2857142857142,-6.285714285714286,2065.214285714286,-7.928571428571429,0.5036293307697624,False,False,False,10284.1,2.816056174814674,False,False,True,0.0
2025-08-13,6,22,12,1997,17,2019,-5,1.0,-18.0,-0.8836524300441795,1.4166666666666667,2038.142857142857,-6.571428571428571,2058.4285714285716,-6.714285714285714,0.5052895704263356,False,False,False,10283.0,2.8158250649808783,False,False,True,0.0
2025-08-14,3,27,4,1994,11,2021,-7,1.0,2.0,0.0990589400693409,2.75,2032.142857142857,-7.0,2052.785714285714,-7.071428571428571,0.5079122841333306,False,False,False,10278.699999999999,2.815593955147083,False,False,True,0.0
2025-08-17,4,14,2,1991,3,2005,-1,3.0,-16.0,-0.7916872835230127,1.5,2025.2857142857142,-5.714285714285714,2046.7857142857142,-6.357142857142857,0.5230570751093343,False,False,False,10274.400000000003,2.8153628453132873,False,False,True,0.0
2025-08-18,4,20,6,1985,14,2005,-8,1.0,0.0,0.0,2.3333333333333335,2019.0,-5.285714285714286,2041.4285714285713,-6.285714285714286,0.5281498493641986,False,False,False,10270.100000000002,2.8151317354794916,False,False,True,0.0
2025-08-19,5,35,3,1980,11,2015,-8,1.0,10.0,0.4987531172069737,3.6666666666666665,2017.7142857142858,-5.857142857142857,2036.9285714285713,-6.0,0.5656007878173896,False,False,False,10265.800000000001,2.814900625645696,False,False,True,0.0
2025-08-20,10,38,10,1983,10,2021,0,1.0,6.0,0.29776674937964653,1.0,2017.5714285714287,-4.142857142857143,2033.642857142857,-5.357142857142857,0.5742361231347272,False,False,False,10261.5,2.809422350602654,False,False,True,0.0
2025-08-21,6,49,8,1972,21,2021,-13,1.0,0.0,0.0,2.625,2015.2857142857142,-6.0,2029.7857142857142,-6.142857142857143,0.5553229150865281,False,False,False,10257.199999999999,2.8039440755596186,False,False,True,0.0
2025-08-24,4,21,5,1981,5,2002,0,3.0,-19.0,-0.9401286491835692,1.0,2012.857142857143,-5.285714285714286,2025.5,-5.928571428571429,0.5801108925973081,False,False,False,10252.900000000003,2.7984658005165772,False,False,True,0.0
2025-08-25,8,30,8,1980,11,2010,-3,1.0,8.0,0.3996003996004083,1.375,2011.2857142857142,-4.714285714285714,2021.7142857142858,-5.857142857142857,0.6002332167429113,False,False,False,10248.600000000002,2.7929875254735355,False,False,True,0.0
2025-08-26,10,21,20,1989,15,2010,5,1.0,0.0,0.0,0.75,2012.0,-3.857142857142857,2018.642857142857,-4.785714285714286,0.5961914687780449,False,False,False,10244.300000000001,2.7875092504304937,False,False,True,1.0
2025-08-27,5,19,9,1988,19,2007,-10,1.0,-3.0,-0.14925373134327957,2.111111111111111,2012.2857142857142,-4.142857142857143,2015.642857142857,-4.714285714285714,0.5969315719713016,False,False,False,10240.0,2.782030975387452,False,False,True,0.0
2025-08-28,8,33,6,1984,17,2017,-11,1.0,10.0,0.49825610363727346,2.8333333333333335,2012.5714285714287,-4.571428571428571,2015.142857142857,-5.214285714285714,0.5293951632405083,False,False,False,10236.5,2.7765527003444164,False,False,True,0.0
2025-09-01,10,29,17,2010,5,2039,12,4.0,22.0,1.0907288051561714,0.29411764705882354,2015.142857142857,-2.857142857142857,2016.357142857143,-3.5,0.6062132287758839,False,False,False,10233.000000000002,2.771074425301375,False,False,True,1.0
2025-09-02,6,35,9,2020,9,2055,0,1.0,16.0,0.7846983815595898,1.0,2020.0,-1.0,2017.642857142857,-3.5,0.6102553597499605,False,False,False,10229.500000000002,2.7655961502583333,False,False,True,0.0
2025-09-03,4,29,11,2019,10,2048,1,1.0,-7.0,-0.3406326034063212,0.9090909090909091,2026.5714285714287,-0.8571428571428571,2019.7142857142858,-3.0714285714285716,0.5593095438479281,False,False,False,10226.0,2.7601178752152915,False,False,True,1.0
2025-09-04,11,40,2,2015,14,2055,-12,1.0,7.0,0.341796875,7.0,2033.0,-2.142857142857143,2022.142857142857,-3.4285714285714284,0.562413454372893,False,False,False,10222.5,2.759834043571231,False,False,True,0.0
2025-09-07,4,19,9,2026,7,2045,2,3.0,-10.0,-0.48661800486617945,0.7777777777777778,2038.0,-2.5714285714285716,2025.0,-3.2142857142857144,0.5293428649574314,False,False,False,10219.0,2.759550211927171,False,False,True,1.0
2025-09-08,7,25,5,2025,6,2050,-1,1.0,5.0,0.24449877750611915,1.2,2044.142857142857,-1.2857142857142858,2028.2142857142858,-2.7142857142857144,0.5275553899704047,False,False,False,10215.500000000002,2.75926638028311,False,False,True,0.0
2025-09-09,18,42,11,2023,14,2065,-3,1.0,15.0,0.7317073170731714,1.2727272727272727,2051.0,-0.14285714285714285,2031.7857142857142,-2.357142857142857,0.5425008418150488,False,False,False,10212.000000000002,2.75898254863905,False,False,True,0.0
2025-09-10,10,47,14,2025,18,2072,-4,1.0,7.0,0.3389830508474523,1.2857142857142858,2055.714285714286,-2.4285714285714284,2035.4285714285713,-2.642857142857143,0.5425208657729191,False,False,False,10208.5,2.7586987169949895,False,False,True,0.0
2025-09-11,12,38,29,2047,6,2085,23,1.0,13.0,0.6274131274131234,0.20689655172413793,2060.0,0.8571428571428571,2040.0,-0.07142857142857142,0.5518251033157677,False,False,False,10205.0,2.7584148853509287,False,False,True,2.0
2025-09-14,7,39,13,2083,5,2122,8,3.0,37.0,1.7745803357314127,0.38461538461538464,2070.5714285714284,1.8571428571428572,2048.5714285714284,0.5,0.5931481635348947,False,False,False,10200.099999999999,2.7581310537068684,False,False,True,2.0
2025-09-15,9,47,10,2086,10,2133,0,1.0,11.0,0.5183788878416529,1.0,2081.714285714286,3.5714285714285716,2057.3571428571427,0.7142857142857143,0.5913729740298043,False,False,False,10195.200000000003,2.757847222062808,False,False,True,1.0
2025-09-16,7,28,17,2095,12,2123,5,1.0,-10.0,-0.46882325363337696,0.7058823529411765,2092.8571428571427,4.0,2065.4285714285716,0.7142857142857143,0.6288258498575612,False,False,False,10190.300000000003,2.7575633904187473,False,False,True,2.0
2025-09-17,7,38,5,2096,13,2134,-8,1.0,11.0,0.5181347150259086,2.6,2104.8571428571427,3.0,2074.5,0.8571428571428571,0.6075295425908556,False,False,False,10185.400000000001,2.757279558774687,False,False,True,1.0
2025-09-18,20,52,11,2096,14,2148,-3,1.0,14.0,0.6560449859418949,1.2727272727272727,2116.714285714286,3.0,2083.8571428571427,1.4285714285714286,0.6080564507764851,False,False,False,10180.5,2.7566333503102185,False,False,True,1.0
2025-09-21,8,35,13,2134,5,2169,8,3.0,21.0,0.9776536312849249,0.38461538461538464,2130.5714285714284,4.714285714285714,2093.1428571428573,1.1428571428571428,0.6018164166635334,True,False,False,10175.599999999999,2.755987141845751,False,False,True,2.0
2025-09-22,17,40,14,2141,10,2181,4,1.0,12.0,0.5532503457814641,0.7142857142857143,2144.285714285714,2.0,2102.1428571428573,1.4285714285714286,0.5935691917591618,True,False,False,10170.700000000003,2.755340933381283,False,False,True,2.0
2025-09-23,11,36,10,2145,15,2181,-5,1.0,0.0,0.0,1.5,2152.714285714286,0.14285714285714285,2111.6428571428573,1.0,0.5642413122993372,False,False,False,10165.800000000003,2.7546947249168143,False,False,True,1.0
2025-09-24,3,38,12,2138,17,2176,-5,1.0,-5.0,-0.22925263640531934,1.4166666666666667,2158.8571428571427,-0.5714285714285714,2120.285714285714,1.5,0.5906978213515081,False,False,False,10160.900000000001,2.754048516452346,False,False,True,0.0
2025-09-25,6,35,12,2132,18,2167,-6,1.0,-9.0,-0.4136029411764719,1.5,2165.1428571428573,-2.142857142857143,2129.0,0.9285714285714286,0.5830122085922275,False,False,False,10156.0,2.7534023079878778,False,False,True,0.0
2025-09-28,11,29,12,2146,9,2175,3,3.0,8.0,0.369173973234882,0.75,2171.0,-0.5714285714285714,2137.9285714285716,1.2142857142857142,0.5785550994519372,False,False,False,10153.4,2.75275609952341,False,False,True,1.0
2025-09-29,8,35,12,2148,13,2183,-1,1.0,8.0,0.36781609195402076,1.0833333333333333,2176.0,-0.2857142857142857,2146.3571428571427,1.3571428571428572,0.570531988360165,False,False,False,10150.800000000001,2.7521098910589417,False,False,True,0.0
2025-09-30,8,32,12,2159,7,2191,5,1.0,8.0,0.3664681630783262,0.5833333333333334,2179.1428571428573,-0.7142857142857143,2154.8571428571427,2.0,0.5680003107346926,False,False,False,10148.2,2.7514636825944736,False,False,True,1.0
2025-10-01,4,33,12,2163,14,2196,-2,1.0,5.0,0.22820629849384932,1.1666666666666667,2181.285714285714,-1.5714285714285714,2162.785714285714,0.21428571428571427,0.5640885706589397,False,False,False,10145.6,2.750817474130005,False,False,True,0.0
2025-10-02,20,51,15,2164,16,2215,-1,1.0,19.0,0.8652094717668479,1.0666666666666667,2186.1428571428573,-1.0,2169.4285714285716,-0.42857142857142855,0.4408725174091856,False,False,False,10143.0,2.750236021773826,False,False,True,0.0
2025-10-05,8,28,13,2180,16,2208,-3,3.0,-7.0,-0.31602708803611934,1.2307692307692308,2190.714285714286,-0.7142857142857143,2174.785714285714,-0.6428571428571429,0.46565238489639926,False,False,False,10140.4,2.749654569417647,False,False,True,0.0
2025-10-06,5,33,15,2187,10,2220,5,1.0,12.0,0.5434782608695565,0.6666666666666666,2198.285714285714,0.8571428571428571,2181.714285714286,-0.6428571428571429,0.42295118604882115,False,False,False,10137.800000000001,2.7490731170614677,False,False,True,2.0
2025-10-07,11,45,4,2189,10,2234,-6,1.0,14.0,0.6306306306306242,2.5,2206.714285714286,-0.42857142857142855,2188.8571428571427,-0.5,0.4277685994666883,False,False,False,10135.2,2.748491664705288,False,False,True,0.0
2025-10-08,8,49,15,2192,17,2241,-2,1.0,7.0,0.3133393017009878,1.1333333333333333,2215.0,-0.5714285714285714,2195.5,-0.42857142857142855,0.4169188649855007,False,False,False,10132.6,2.747910212349109,False,False,True,0.0
2025-10-09,11,55,13,2192,12,2247,1,1.0,6.0,0.2677376171352108,0.9230769230769231,2223.0,-1.1428571428571428,2201.0714285714284,-0.9285714285714286,0.37111717097240826,False,False,False,10130.0,2.74732875999293,False,False,True,1.0
2025-10-13,8,24,7,2223,6,2247,1,4.0,0.0,0.0,0.8571428571428571,2230.285714285714,-0.7142857142857143,2205.785714285714,-1.1428571428571428,0.36590646395726195,False,False,False,10123.599999999999,2.746747307636751,False,False,True,1.0
2025-10-14,7,30,16,2235,8,2265,8,1.0,18.0,0.8010680907877266,0.5,2237.4285714285716,0.5714285714285714,2211.785714285714,-0.21428571428571427,0.39215224225798595,True,False,False,10117.200000000004,2.7461658552805717,False,False,True,2.0
2025-10-15,8,29,10,2225,15,2254,-5,1.0,-11.0,-0.4856512141280356,1.5,2244.0,0.2857142857142857,2217.3571428571427,-0.21428571428571427,0.4229579520920621,True,False,False,10110.800000000003,2.745584402924392,False,False,True,1.0
2025-10-16,9,33,15,2233,9,2266,6,1.0,12.0,0.5323868677906018,0.6,2250.5714285714284,0.42857142857142855,2224.4285714285716,0.6428571428571429,0.3824619079546992,True,False,False,10104.400000000001,2.745002950568213,False,False,True,2.0
2025-10-19,9,34,17,2237,7,2271,10,3.0,5.0,0.22065313327448433,0.4117647058823529,2255.8571428571427,2.7142857142857144,2231.285714285714,1.1428571428571428,0.3818505351824977,True,False,False,10098.0,2.7432500685915433,False,False,True,2.0
2025-10-20,10,39,6,2243,7,2282,-1,1.0,11.0,0.484368119771017,1.1666666666666667,2261.714285714286,2.857142857142857,2238.3571428571427,1.1428571428571428,0.38370024037616873,True,False,False,10091.599999999999,2.7414971866148754,False,False,True,1.0
2025-10-21,13,39,17,2251,9,2290,8,1.0,8.0,0.35056967572304476,0.5294117647058824,2267.8571428571427,3.857142857142857,2245.4285714285716,1.3571428571428572,0.38249187023374465,True,False,False,10085.200000000004,2.7397443046382057,False,False,True,2.0
2025-10-22,12,42,13,2261,12,2303,1,1.0,13.0,0.5676855895196509,0.9230769230769231,2275.8571428571427,3.857142857142857,2253.0714285714284,1.5714285714285714,0.38638362604483356,True,False,False,10078.800000000003,2.737991422661536,False,False,True,2.0
2025-10-23,4,27,26,2266,18,2293,8,1.0,-10.0,-0.43421623968736833,0.6923076923076923,2279.8571428571427,3.857142857142857,2258.6428571428573,2.2142857142857144,0.40863787893981107,True,False,False,10072.400000000001,2.736238540684867,False,False,True,2.0
2025-10-26,4,35,12,2276,10,2311,2,3.0,18.0,0.7849978194504947,0.8333333333333334,2288.0,4.857142857142857,2266.0,2.5714285714285716,0.3983458830761376,True,False,False,10066.0,2.734485658708197,False,False,True,2.0
2025-10-27,2,31,8,2282,11,2313,-3,1.0,2.0,0.08654262224145892,1.375,2294.714285714286,3.5714285714285716,2272.6428571428573,2.0,0.3971815317191247,True,False,False,10064.4,2.7327327767315293,False,False,True,1.0
2025-10-28,6,22,11,2286,6,2308,5,1.0,-5.0,-0.2161694768698652,0.5454545454545454,2300.0,2.857142857142857,2277.9285714285716,2.7857142857142856,0.40653489785872005,True,False,False,10062.800000000001,2.7309798947548596,False,False,True,2.0
2025-10-29,6,25,4,2280,17,2305,-13,1.0,-3.0,-0.12998266897746857,4.25,2303.285714285714,1.1428571428571428,2282.5,2.0,0.41624196861969587,True,False,False,10061.2,2.72922701277819,False,False,True,1.0
2025-10-30,3,17,14,2287,12,2304,2,1.0,-1.0,-0.04338394793925726,0.8571428571428571,2305.285714285714,0.2857142857142857,2286.5714285714284,2.0714285714285716,0.41999121494769676,True,False,False,10059.6,2.7274741308015202,False,False,True,2.0
2025-11-02,5,21,10,2277,7,2298,3,3.0,-6.0,-0.26041666666666297,0.7,2304.5714285714284,0.5714285714285714,2290.214285714286,2.2142857142857144,0.4334740372780791,True,False,False,10058.0,2.727275603292471,False,False,True,2.0
2025-11-03,3,28,5,2269,12,2297,-7,1.0,-1.0,-0.04351610095735259,2.4,2305.1428571428573,-1.5714285714285714,2292.5,1.1428571428571428,0.3958993132837358,False,False,False,10056.4,2.7270770757834226,False,False,True,0.0
2025-11-04,6,33,6,2270,8,2303,-2,1.0,6.0,0.2612102742707956,1.3333333333333333,2304.0,-2.142857142857143,2296.0,1.3571428571428572,0.35986583789446014,False,False,False,10054.800000000001,2.7268785482743736,False,False,True,0.0
2025-11-05,8,41,8,2272,7,2313,1,1.0,10.0,0.43421623968735723,0.875,2304.0,-1.5714285714285714,2299.3571428571427,1.0,0.353156001888073,False,False,False,10053.2,2.7266800207653246,False,False,True,1.0
2025-11-06,6,33,9,2264,19,2297,-10,1.0,-16.0,-0.6917423259835687,2.111111111111111,2302.4285714285716,-3.7142857142857144,2301.214285714286,-0.42857142857142855,0.41710738310175954,False,False,False,10051.6,2.7264814932562755,False,False,True,0.0
2025-11-09,11,33,5,2294,4,2327,1,3.0,30.0,1.3060513713539335,0.8,2305.5714285714284,-1.7142857142857142,2304.4285714285716,-0.2857142857142857,0.5218975339559009,False,False,False,10050.0,2.726282965747227,False,False,True,1.0
2025-11-11,11,39,12,2294,14,2333,-2,2.0,6.0,0.25784271594326835,1.1666666666666667,2309.714285714286,-2.2857142857142856,2307.5,-1.0,0.5190601828978042,False,False,False,10049.1,2.726084438238178,False,False,True,0.0
2025-11-12,14,48,20,2302,7,2350,13,1.0,17.0,0.7286755250750065,0.35,2317.1428571428573,-0.8571428571428571,2310.8571428571427,-0.14285714285714285,0.5312466384756201,False,False,False,10048.2,2.7258859107291293,False,False,True,1.0
2025-11-13,6,26,16,2317,5,2343,11,1.0,-7.0,-0.29787234042553123,0.3125,2323.714285714286,1.7142857142857142,2314.4285714285716,0.07142857142857142,0.520618749096758,True,False,False,10047.300000000001,2.7256873832200803,False,False,True,2.0
2025-11-16,5,22,3,2340,5,2362,-2,3.0,19.0,0.8109261630388387,1.6666666666666667,2332.1428571428573,1.7142857142857142,2318.0714285714284,-0.21428571428571427,0.5238860544700042,True,False,False,10046.4,2.7254888557110313,False,False,True,1.0
2025-11-17,1,35,6,2343,8,2378,-2,1.0,16.0,0.6773920406435208,1.3333333333333333,2341.4285714285716,1.2857142857142858,2322.714285714286,-0.14285714285714285,0.5410652864489832,False,False,False,10045.5,2.725240813524021,False,False,True,1.0
2025-11-18,2,38,8,2345,12,2383,-4,1.0,5.0,0.2102607232968845,1.5,2353.714285714286,2.142857142857143,2328.0714285714284,-0.7857142857142857,0.5265104179542023,False,False,False,10044.6,2.7249927713370106,False,False,True,1.0
2025-11-19,7,32,3,2340,10,2372,-7,1.0,-11.0,-0.46160302140159093,3.3333333333333335,2360.1428571428573,1.0,2332.8571428571427,-0.35714285714285715,0.5507965015707462,False,False,False,10043.7,2.72474472915,False,False,True,1.0
2025-11-20,18,57,8,2340,9,2397,-1,1.0,25.0,1.0539629005059004,1.125,2369.285714285714,1.1428571428571428,2339.5,-0.5714285714285714,0.5895710466313954,False,False,False,10042.800000000001,2.7244966869629894,False,False,True,1.0
2025-11-23,3,46,22,2375,1,2421,21,3.0,24.0,1.001251564455563,0.045454545454545456,2379.4285714285716,2.2857142857142856,2348.285714285714,0.7142857142857143,0.5964552816134596,False,False,False,10041.9,2.724248644775979,False,False,True,2.0
2025-11-24,9,40,9,2371,13,2411,-4,1.0,-10.0,-0.41305245766212195,1.4444444444444444,2389.1428571428573,0.14285714285714285,2356.4285714285716,0.9285714285714286,0.6229970156518955,False,False,False,10041.0,2.7240006025889687,False,False,True,1.0
2025-11-25,6,47,14,2375,11,2422,3,1.0,11.0,0.45624222314393226,0.7857142857142857,2397.714285714286,0.8571428571428571,2364.9285714285716,1.2857142857142858,0.6209556398122041,False,False,False,10030.699999999997,2.7237525604019583,False,False,True,2.0
2025-11-27,4,24,8,2389,7,2413,1,2.0,-9.0,-0.37159372419488523,0.875,2402.714285714286,1.2857142857142858,2372.0714285714284,1.2857142857142858,0.6490777875361607,False,False,False,10020.400000000007,2.723504518214948,False,False,True,2.0
2025-11-30,4,18,10,2415,0,2433,10,3.0,20.0,0.8288437629506928,0.0,2409.8571428571427,3.2857142857142856,2381.785714285714,2.7142857142857144,0.5959111918950798,True,False,False,10010.100000000004,2.723256476027937,False,False,True,2.0
2025-12-01,4,26,4,2410,9,2436,-5,1.0,3.0,0.12330456226881115,2.25,2419.0,3.5714285714285716,2389.5714285714284,2.2857142857142856,0.5444461056216225,True,False,False,9999.800000000003,2.723008433840927,False,False,True,1.0
2025-12-02,7,34,6,2407,8,2441,-2,1.0,5.0,0.20525451559934016,1.3333333333333333,2425.285714285714,3.4285714285714284,2397.285714285714,2.2857142857142856,0.5432487734180262,True,False,False,9989.5,2.7225145513650877,False,False,True,1.0
2025-12-03,4,32,8,2419,7,2451,1,1.0,10.0,0.4096681687832948,0.875,2429.5714285714284,0.5714285714285714,2404.5,1.4285714285714286,0.5311388283548791,True,False,False,9979.199999999997,2.7220206688892494,False,False,True,2.0
2025-12-04,16,39,7,2418,13,2457,-6,1.0,6.0,0.244798041615657,1.8571428571428572,2436.1428571428573,0.2857142857142857,2412.6428571428573,0.21428571428571427,0.5021020003825443,True,False,False,9968.900000000007,2.7215267864134103,False,False,True,1.0
2025-12-07,4,24,13,2429,12,2453,1,3.0,-4.0,-0.16280016280015852,0.9230769230769231,2440.5714285714284,0.0,2419.1428571428573,0.42857142857142855,0.4996736610356554,False,False,False,9958.600000000004,2.7210329039375716,False,False,True,1.0
2025-12-08,9,27,9,2440,4,2467,5,1.0,14.0,0.570729718711771,0.4444444444444444,2448.285714285714,0.5714285714285714,2425.5,0.9285714285714286,0.49384585325385705,True,False,False,9948.300000000003,2.7205390214617324,False,False,True,2.0
2025-12-09,4,30,7,2443,8,2473,-1,1.0,6.0,0.2432103769760774,1.1428571428571428,2454.0,-1.0,2431.9285714285716,1.1428571428571428,0.49230458877352096,False,False,False,9938.0,2.7200451389858933,False,False,True,0.0
2025-12-10,10,54,5,2439,9,2493,-4,1.0,20.0,0.8087343307723316,1.8,2462.1428571428573,-0.8571428571428571,2440.5714285714284,1.3571428571428572,0.4651274654434382,False,False,False,9936.1,2.719551256510055,False,False,True,0.0
2025-12-11,7,47,9,2437,10,2484,-1,1.0,-9.0,-0.3610108303249149,1.1111111111111112,2468.285714285714,-0.7142857142857143,2446.785714285714,1.3571428571428572,0.4585338860666827,False,False,False,9934.2,2.719057374034216,False,False,True,0.0
2025-12-14,8,35,4,2462,8,2497,-4,3.0,13.0,0.523349436392917,2.0,2474.8571428571427,-1.4285714285714286,2452.214285714286,-0.42857142857142855,0.4167046998621053,False,False,False,9932.300000000001,2.718563491558377,False,False,True,0.0
2025-12-15,11,42,9,2470,7,2512,2,1.0,15.0,0.6007208650380402,0.7777777777777778,2482.714285714286,-0.2857142857142857,2459.4285714285716,0.0,0.3851322497229313,False,False,False,9930.4,2.718069609082538,False,False,True,1.0
2025-12-16,8,54,15,2468,9,2522,6,1.0,10.0,0.398089171974525,0.6,2492.5714285714284,0.42857142857142855,2466.5714285714284,0.21428571428571427,0.3829218344183276,False,False,False,9928.5,2.7177220714403405,False,False,True,2.0
2025-12-17,7,31,11,2481,10,2512,1,1.0,-10.0,-0.3965107057890549,0.9090909090909091,2499.0,-0.14285714285714285,2473.6428571428573,0.21428571428571427,0.3872563495967221,False,False,False,9926.6,2.7173745337981434,False,False,True,1.0
2025-12-18,11,50,6,2472,16,2522,-10,1.0,10.0,0.398089171974525,2.6666666666666665,2506.0,-1.4285714285714286,2480.0,-1.2142857142857142,0.35843232416136617,False,False,False,9924.7,2.7170269961559463,False,False,True,0.0
2025-12-21,6,18,11,2484,14,2502,-3,3.0,-20.0,-0.7930214115781098,1.2727272727272727,2507.285714285714,-1.2857142857142858,2484.714285714286,-1.0714285714285714,0.45654258595878144,False,False,False,9922.800000000001,2.716679458513749,False,False,True,0.0
